platform_cid,blog_id,publish_time,publish_type,comment_num,liked_num,repost_num,blog_content,content_type,pic_num,video_url,weibo_url,origin_blog_id,etl_time
2970452952,CAXHBRSUX,2015-09-17T14:59,1,2268,15876,106,谁可以教我咋个把后面那些人P掉或者虚化[伤心] src=//h5.sinaimg.cn/m/emoticon/icon/others/l_shangxin-934f730572.png style=width:1em; height:1em;>,2,1,,https://weibo.com/2970452952/CAXhbrSUX,CAXhbrSUX,2020-01-13T11:45:36
2970452952,CCVECAKPM,2015-09-27T20:20,1,826,11728,131,原来我没有被骗。。它真的是颗火参果。。。味道有点香蕉+橙子的感觉。。。更像是橙味儿利口酒。。，今年种太晚了没长个儿。明年开春就播种… [组图共6张],2,6,,https://weibo.com/2970452952/CCvEcaKpM,CCvEcaKpM,2020-01-13T11:45:36
2970452952,CPBEY6ZSM,2015-07-04T23:43,1,25855,28661,695,不管结果怎么样。我都会努力去做！或许会失败，但至少我不会有遗憾。。。 [组图共2张],2,2,,https://weibo.com/2970452952/CpBEy6zSm,CpBEy6zSm,2020-01-13T11:45:36
2970452952,CYGQF9SMX,2015-09-02T17:28,1,1234,14897,144,奶奶种的秋葵～[心] src=//h5.sinaimg.cn/m/emoticon/icon/others/l_xin-6912791858.png style=width:1em; height:1em;> [组图共8张],2,8,,https://weibo.com/2970452952/CyGQf9SMx,CyGQf9SMx,2020-01-13T11:45:36
2970452952,D0J0UHWMT,2015-10-22T13:02,1,525,9979,33,想锅盖了,2,1,,https://weibo.com/2970452952/D0j0uhWmt,D0j0uhWmt,2020-01-13T11:45:36
2970452952,D2XXEL7G2,2015-11-08T23:53,1,727,12898,802,很多人内心住着两个自己，一个感性到眼泪说流就流，一个理智到近乎冷酷无情，上一秒情绪泛滥的自己总会在下一秒被另一个自己嘲讽批评，一瞬间想通了，释然了，下一秒又想不通了。也许敏感的人都不容易过好吧，但请记住，路总要往前走，对自己好一点。,2,1,,https://weibo.com/2970452952/D2Xxel7G2,D2Xxel7G2,2020-01-13T11:45:36
2970452952,D4SHITU0A,2015-11-18T20:00,2,325,8004,56,#绵阳身边事#【爱心义卖！96岁王婆婆纯手工钩织的毛线帽[心] src=//h5.sinaimg.cn/m/emoticon/icon/others/l_xin-6912791858.png style=width:1em; height:1em;>】她叫王婆婆，自幼父母双亡，女儿和孙子均为智力障碍，老人一直靠自己的双手养活着残障的儿孙，但是今年96岁的她再也做不动了，想把家里已经钩好的毛线帽全卖掉，天冷了，如果你家里有老人，不妨买一个吧！购买链接：http://t.cn/RUnJDop [组图共6张],2,6,,https://weibo.com/2970452952/D4shItu0a,D4shItu0a,2020-01-13T11:45:36
2970452952,DBQLK44MY,2016-06-22T16:48,1,474,8601,43,换头像了,2,1,,https://weibo.com/2970452952/DBqLK44MY,DBqLK44MY,2020-01-13T11:45:36
2970452952,DC4AWQB5B,2016-06-26T21:07,1,526,9424,57,昨天在森林里偶遇一颗比我脑袋都大的野生灵芝。 [组图共2张],2,2,,https://weibo.com/2970452952/DC4awqB5B,DC4awqB5B,2020-01-13T11:45:36
2970452952,DCBIMHUXL,2016-06-30T09:28,1,388,8486,54,这只是一颗葡萄树，应该能收200多斤葡萄，再有一个月就可以吃喽[爱你] src=//h5.sinaimg.cn/m/emoticon/icon/default/d_aini-4a23c0524a.png style=width:1em; height:1em;> [组图共3张],2,3,,https://weibo.com/2970452952/DCBiMhUxL,DCBiMhUxL,2020-01-13T11:45:36
2970452952,DCNCL7OWQ,2016-07-01T16:50,1,475,8967,91,一点日常。奶奶炸的小鱼煮鱼汤面特别香? [组图共9张],2,9,,https://weibo.com/2970452952/DCNCL7OWq,DCNCL7OWq,2020-01-13T11:45:36
2970452952,DDHLHFCOM,2016-07-04T20:30,1,217,6039,25,青灯,2,1,,https://weibo.com/2970452952/DDhlHFCOm,DDhlHFCOm,2020-01-13T11:45:36
2970452952,DDILLEMYN,2016-07-07T18:19,1,274,7325,23,偷了2颗桃子[doge] src=//h5.sinaimg.cn/m/emoticon/icon/others/d_doge-861403219c.png style=width:1em; height:1em;>,2,1,,https://weibo.com/2970452952/DDILLemYN,DDILLemYN,2020-01-13T11:45:36
2970452952,DEJGLYPI9,2016-07-11T16:18,1,375,9691,188,一般的蛋糕太没新意，试着做了个西瓜蛋糕?? [组图共9张],2,9,,https://weibo.com/2970452952/DEjGLyPI9,DEjGLyPI9,2020-01-13T11:45:36
2970452952,DJ4C2QXST,2016-02-22T23:19,1,1170,10276,47,不会包普通饺子是我永远的痛…………咋一看挺好看……其实，每个饺子都包的不对[拜拜] src=//h5.sinaimg.cn/m/emoticon/icon/default/d_baibai-71b47dffdc.png style=width:1em; height:1em;>,2,1,,https://weibo.com/2970452952/Dj4C2qXst,Dj4C2qXst,2020-01-13T11:45:36
2970452952,DO1H0SO8Z,2016-03-26T12:00,1,569,9626,242,#桃花酒#视频里截出来的图 [组图共9张],2,9,,https://weibo.com/2970452952/Do1h0sO8Z,Do1h0sO8Z,2020-01-13T11:45:36
2970452952,DQC9KBUG2,2016-04-09T19:23,1,556,9984,88,奶奶炸的小鱼，连鱼刺都酥了。[心] src=//h5.sinaimg.cn/m/emoticon/icon/others/l_xin-6912791858.png style=width:1em; height:1em;> [组图共6张],2,6,,https://weibo.com/2970452952/Dqc9KBuG2,Dqc9KBuG2,2020-01-13T11:45:36
2970452952,DSAZ0FCKA,2016-04-22T19:00,1,310,7367,52,春天的味道 [组图共4张],2,4,,https://weibo.com/2970452952/Dsaz0fcka,Dsaz0fcka,2020-01-13T11:45:36
2970452952,DTU75LICB,2016-05-01T10:37,1,297,7110,51,院子里的老桑树结果子了，夏天的味道。[心] src=//h5.sinaimg.cn/m/emoticon/icon/others/l_xin-6912791858.png style=width:1em; height:1em;>,2,1,,https://weibo.com/2970452952/Dtu75lIcB,Dtu75lIcB,2020-01-13T11:45:36
2970452952,DVWRTAGYF,2016-05-14T20:13,1,367,7354,71,世外桃源[心] src=//h5.sinaimg.cn/m/emoticon/icon/others/l_xin-6912791858.png style=width:1em; height:1em;> [组图共9张],2,9,,https://weibo.com/2970452952/Dvwrtagyf,Dvwrtagyf,2020-01-13T11:45:36
2970452952,DYFJ26PAQ,2016-06-04T13:22,1,526,12346,114,我视频里剪李子枝回来当背景其实大部分原因还是怕我奶奶太阳太大中午跑出去摘李子吃?别看它黄绿黄绿的。特别软甜。我奶奶爱吃的不得了！！这样她伸手就可以摘到了！[心] src=//h5.sinaimg.cn/m/emoticon/icon/others/l_xin-6912791858.png style=width:1em; height:1em;> [组图共6张],2,6,,https://weibo.com/2970452952/DyFJ26pAq,DyFJ26pAq,2020-01-13T11:45:36
2970452952,E0MWYGUQ0,2016-07-24T20:43,1,262,6454,49,独爱荷。 [组图共3张],2,3,,https://weibo.com/2970452952/E0mwygUQ0,E0mwygUQ0,2020-01-13T11:45:36
2970452952,E1ZVLS8QN,2016-08-01T20:40,1,277,6986,89,大鱼在梦境的缝隙里游过，凝望你沉睡的轮廓… [组图共9张],2,9,,https://weibo.com/2970452952/E1zVls8qN,E1zVls8qN,2020-01-13T11:45:36
2970452952,E2HMLTXQR,2016-08-06T11:15,1,618,7696,88,这世上哪有什么仙…… [组图共9张],2,9,,https://weibo.com/2970452952/E2hmltXQr,E2hmltXQr,2020-01-13T11:45:36
2970452952,E2KUHGBRA,2016-08-09T14:28,1,345,8515,102,突然才发现，我现在会的很懂东西都是爷爷教的…记得小学五年级，全班同学没有一个人知道“卧冰求鲤”的典故，只有我知道。那也是很小的时候讲给我听的…他做过厨子、所以我有一半的厨艺是源自于他……还挺想他…… [组图共9张],2,9,,https://weibo.com/2970452952/E2KUhgBrA,E2KUhgBrA,2020-01-13T11:45:36
2970452952,E47DDBDNV,2016-08-18T14:11,1,288,7803,37,因为喜欢荷花…所以连拍了三个关于荷的美食…所以，问题就来了……?,2,1,,https://weibo.com/2970452952/E47DDbdnV,E47DDbdnV,2020-01-13T11:45:36
2970452952,E4AYAAC40,2016-08-18T22:40,1,1370,14593,774,黄泉路上…三途河旁……秋天了…是彼岸花开的季节…大片的红…美到窒息……开到颓靡……“开一千年，落一千年，花叶永不相见。情不为因果，缘注定生死。” [组图共4张],2,4,,https://weibo.com/2970452952/E4aYAAC40,E4aYAAC40,2020-01-13T11:45:36
2970452952,E5JRLHLFX,2016-08-26T11:08,1,857,11063,126,这应该是我半辈子见过最奇葩的菌子……,2,1,,https://weibo.com/2970452952/E5jRlhLfx,E5jRlhLfx,2020-01-13T11:45:36
2970452952,E6FQN9ZAF,2016-09-01T13:42,1,1130,11011,36,关于这个问题嘛……………我只能说……我7岁的时候就在坟洞里逮着蛇尾巴往出拽………其实是很小的时候…农村夏天蛇多…我叔叔怕我被蛇咬了就训练过我怎样抓蛇……所以不用担心我啦[doge] src=//h5.sinaimg.cn/m/emoticon/icon/others/d_doge-861403219c.png style=width:1em; height:1em;>[doge] src=//h5.sinaimg.cn/m/emoticon/icon/others/d_doge-861403219c.png style=width:1em; height:1em;>[doge] src=//h5.sinaimg.cn/m/emoticon/icon/others/d_doge-861403219c.png style=width:1em; height:1em;>,2,1,,https://weibo.com/2970452952/E6fqN9zAf,E6fqN9zAf,2020-01-13T11:45:36
2970452952,E6ULUOUTZ,2016-09-05T22:55,1,534,7569,71,之前从山上带了块石头回来养…<br>后来……<br>再后来……<br>                      ——《小绿的一生》<br><br>（PS：重新大量浇水的话还会活么？）<br><br>（PPS：什么？我无聊？这都能被你猜到？我就是无聊………哈哈哈哈哈哈…不然哪个正常人会无聊到养石头…………hhhhhh…什么鬼……） [组图共3张],2,3,,https://weibo.com/2970452952/E6ULuoUtz,E6ULuoUtz,2020-01-13T11:45:36
2970452952,E70PJ8HNF,2016-09-06T14:22,1,486,7661,91,本来想配两句文诌诌的词发上来才显得有bigger…结果都怪书读少了…想了三天头发都揪秃了还是没想出来………算了…就这样发吧！费列罗那个视频里的几张截图～～[doge] src=//h5.sinaimg.cn/m/emoticon/icon/others/d_doge-861403219c.png style=width:1em; height:1em;> [组图共9张],2,9,,https://weibo.com/2970452952/E70PJ8HnF,E70PJ8HnF,2020-01-13T11:45:36
2970452952,E7UUPECWV,2016-09-12T12:03,1,287,6969,76,虫儿飞…虫儿飞…你在思念谁？ [组图共9张],2,9,,https://weibo.com/2970452952/E7UupeCWv,E7UupeCWv,2020-01-13T11:45:36
2970452952,E86QAFW3A,2016-09-13T19:30,1,323,8135,55,今天收获了好多南瓜…有像橄榄球的…还有飞碟…大橘子…法棍…还有像南瓜妖怪?的……好像整个冬天不缺南瓜吃了…… [组图共6张],2,6,,https://weibo.com/2970452952/E86Qafw3A,E86Qafw3A,2020-01-13T11:45:36
2970452952,E8JFKALBQ,2016-09-17T22:20,1,152,6064,34,终于花了两个小时认真看完你们的评论（老月饼视频）…每个人都有自己的故事…对于别人来说听的是故事，但对于自己来说那确是一步一个脚印走出来的人生……以下被圈到的十位朋友请私信我你们的收货地址……小礼物送上，愿你们和你们所爱的人都能平安健康?? [组图共9张],2,9,,https://weibo.com/2970452952/E8JFkaLbQ,E8JFkaLbQ,2020-01-13T11:45:36
2970452952,E8XIU2XIZ,2016-09-16T14:52,1,482,10883,61,哈哈哈哈哈哈……这小子今天被我奶奶给揍了…………今天家里晒了很多谷子他不去吃，偏要跑到厨房去偷面吃………奶奶骂他懒的送到嘴边都懒得嚼了………拍它它还瞪我……哈哈哈哈哈你小子活该噢………[doge] src=//h5.sinaimg.cn/m/emoticon/icon/others/d_doge-861403219c.png style=width:1em; height:1em;> [组图共4张],2,4,,https://weibo.com/2970452952/E8xiU2xiz,E8xiU2xiz,2020-01-13T11:45:36
2970452952,E9IIY2DK8,2016-09-21T15:35,1,698,9212,74,入秋了…换上了长袖……谷子和玉米都收完了…前年嫁接的蜜柚也长到比脑袋都大……农闲时……随便吃点儿…………#古香古色##古香古食##李子柒的日常# [组图共9张],2,9,,https://weibo.com/2970452952/E9iIY2Dk8,E9iIY2Dk8,2020-01-13T11:45:36
2970452952,E9RQS0PJ0,2016-09-22T13:46,1,1691,10692,100,种晚了…结的果子有一丢丢小…… [组图共2张],2,2,,https://weibo.com/2970452952/E9rqS0Pj0,E9rqS0Pj0,2020-01-13T11:45:36
2970452952,EABYZ854S,2016-09-27T11:11,1,829,9978,137,这次应该是今年最后一次能看到这么多菌子了…入秋以后还会再长一批鹅蛋菌（图2、4、7）之后再想吃就只能等明年了…灵芝的样子好像如意…看着就觉得喜庆…… [组图共9张],2,9,,https://weibo.com/2970452952/Eabyz854s,Eabyz854s,2020-01-13T11:45:36
2970452952,EAWWSAP2K,2017-03-22T11:37,1,1868,30537,80,去上海参加羽西周年庆，熬夜把新视频的所有素材换格式导进手机里背包就走了，一路各种转车慌慌张张奔到机场。突然发现工作人员看我的眼神异样，顺着他们的眼神看过去………<br>噢………忘换鞋了……………[doge] src=//h5.sinaimg.cn/m/emoticon/icon/others/d_doge-861403219c.png style=width:1em; height:1em;><br>#朝花柒拾# [组图共2张],2,2,,https://weibo.com/2970452952/EAWWsap2k,EAWWsap2k,2020-01-13T11:45:36
2970452952,EBJTLDXDJ,2017-03-24T20:58,1,1870,24582,581,忆芳时年华<br>谁点相思<br>谁种桃花…<br><br>#朝花柒拾# [组图共9张],2,9,,https://weibo.com/2970452952/EBjtlDXDj,EBjtlDXDj,2020-01-13T11:45:36
2970452952,EC4TOWP0Y,2017-03-29T21:43,1,4515,56300,1205,这两天，用几年前老房子拆下的旧木头和两块旧门板，给我的蓄水池架了一座小木桥……<br><br>#朝花柒拾# [组图共9张],2,9,,https://weibo.com/2970452952/EC4TOwP0y,EC4TOwP0y,2020-01-13T11:45:36
2970452952,ECASRY7WQ,2016-10-10T12:05,1,1299,16754,144,反正今天这顿打你是躲不过的了[微笑] src=//h5.sinaimg.cn/m/emoticon/icon/default/d_hehe-039d0a6a8a.png style=width:1em; height:1em;> [组图共9张],2,9,,https://weibo.com/2970452952/EcasRy7wq,EcasRy7wq,2020-01-13T11:45:36
2970452952,ECOFDQMDR,2017-04-03T17:10,1,3531,38460,410,家里的老木梯子比我年龄都大，怕以后出问题。今天抽时间做了个新的！<br><br>#朝花柒拾# [组图共9张],2,9,,https://weibo.com/2970452952/ECOfDqMdR,ECOfDqMdR,2020-01-13T11:45:36
2970452952,ED4P1V3UJ,2016-10-16T11:33,1,822,12163,202,中午来屋后堆柴的地方取柴火时，意外遇到几颗野生平谷和树芝…记得上次见野平菇还是在十几年前的一颗柳木上…… [组图共9张],2,9,,https://weibo.com/2970452952/Ed4P1v3uj,Ed4P1v3uj,2020-01-13T11:45:36
2970452952,EDHTNQ4NO,2017-04-06T20:37,1,2011,22452,461,风去花谢<br>风来花开…<br><br>#朝花柒拾# [组图共9张],2,9,,https://weibo.com/2970452952/EDhTnq4nO,EDhTnq4nO,2020-01-13T11:45:36
2970452952,EEC6L0SEL,2017-04-12T19:44,1,4497,44965,1277,看到手边上这些小玩意儿，突然想起老人家还在的时候……那时候9岁吧……夏天放暑假就跟他学编扇子、背篓、簸箕…冬天就做灯笼、烘笼子、蒸笼……然后换成钱给我交下一季的学费……总有人说：你怎么什么都会啊？还有什么是你不会的？可谁又知，他人眼里的生活技能……不过是你的求生本能……<br><br>11岁那年他走时的最后一句话是说给奶奶的。“一定要把她的书供出来………”十多年了，我从没梦到过他一次。奶奶说：爷爷是怕会吓着你………<br>……<br>老太爷，我有点想你了……还有，我怎么会怕你……            [组图共9张],2,9,,https://weibo.com/2970452952/EEc6L0SeL,EEc6L0SeL,2020-01-13T11:45:36
2970452952,EEVKRQMQH,2016-10-28T16:09,1,3353,16022,247,回家了…上山浪了一圈…这个季节居然还能捡到两朵鸡枞……晚饭不用愁了[doge] src=//h5.sinaimg.cn/m/emoticon/icon/others/d_doge-861403219c.png style=width:1em; height:1em;>（图四有谁吃过啊？） [组图共9张],2,9,,https://weibo.com/2970452952/EeVKRqMQH,EeVKRqMQH,2020-01-13T11:45:36
2970452952,EFORXY8CA,2017-04-23T12:15,1,2741,38743,1378,只为每一朵花开…<br>…<br>…<br>#朝花柒拾# [组图共9张],2,9,,https://weibo.com/2970452952/EFORXy8CA,EFORXy8CA,2020-01-13T11:45:36
2970452952,EFXAAEHEN,2016-11-01T15:23,1,2112,18235,336,摘柚子喽～～家里大大小小快20棵柚子树，这棵蜜柚是2012年我刚回来四川的时候嫁接的，原树是一棵17年的老树所以挂果很快，今年结的果子比我脑袋都大……[嘻嘻] src=//h5.sinaimg.cn/m/emoticon/icon/default/d_xixi-813ededea2.png style=width:1em; height:1em;> [组图共9张],2,9,,https://weibo.com/2970452952/EfxaaeHeN,EfxaaeHeN,2020-01-13T11:45:36
2970452952,EGA3RPLPD,2016-11-05T18:23,1,1292,22320,264,山上偶遇一只腿部受伤的猫头鹰，给它绑了点草药。猫头鹰属猛禽，可给它上药的时候这小家伙不吵不闹乖极了…最后把它放生在树林的的草丛中……到晚上它就安全了！小家伙要快快好起来，希望以后再遇见你时是健健康康、活蹦乱跳的…?? [组图共6张],2,6,,https://weibo.com/2970452952/Ega3rpLPd,Ega3rpLPd,2020-01-13T11:45:36
2970452952,EGKSHF6DY,2016-11-06T21:57,1,1755,17255,649,花了一天时间把之前红糖姜枣膏视频里的礼物准备好了，奶奶看我一个人太忙便跑过来帮我，看着她一点点把生姜洗干净的时候鼻子很酸…突然很感谢四年前我那么坚决的要放下所有、回她身边陪着她的那个决定。因为…我现在过的每一天…都很幸福??<br>     远方的你们，我不在你们身边，天冷了要加衣。穿的厚厚的别冻着！一定要替我好好照顾那个独一无二的你自己[心] src=//h5.sinaimg.cn/m/emoticon/icon/others/l_xin-6912791858.png style=width:1em; height:1em;>   <br> （图一是视频被抽到礼物的朋友，已私信，记得回复我地址[鲜花] src=//h5.sinaimg.cn/m/emoticon/icon/others/w_xianhua-6efa26efdf.png style=width:1em; height:1em;>）            [组图共9张],2,9,,https://weibo.com/2970452952/EgkSHF6dY,EgkSHF6dY,2020-01-13T11:45:36
2970452952,EI6DL7DTO,2016-11-18T12:17,1,2002,19204,237,之前你把奶奶种的生姜啃成秃子我没揍你吧？后来我拍视频“媳妇饼”拍到一半你把我发好的面偷吃了我也没揍过你！再后来你把我种在院子里的小萝卜吃的一颗不剩我还没揍你！今天来给你拿吃的来你不吃，转过身把我的衣服扯个稀巴烂是为了个啥？？？来，我今天必须跟你好好唠唠[拜拜] src=//h5.sinaimg.cn/m/emoticon/icon/default/d_baibai-71b47dffdc.png style=width:1em; height:1em;>#朝花柒拾# [组图共5张],2,5,,https://weibo.com/2970452952/Ei6dl7DTo,Ei6dl7DTo,2020-01-13T11:45:36
2970452952,EJMCM5QFG,2016-11-29T14:06,1,1129,16456,376,#朝花柒拾#    枯木逢春… [组图共6张],2,6,,https://weibo.com/2970452952/EjMCM5QfG,EjMCM5QfG,2020-01-13T11:45:36
2970452952,EJUGBVBKE,2016-11-27T16:26,1,1351,13250,173,其它柚子树都还挂着果子，门口这货以为春夏到了自个儿开花了……眼瞅着大霜一天比一天猛，这些小果子都得腰折！谁能告诉我怎么才能把它的生物钟给调回来？#朝花柒拾# [组图共6张],2,6,,https://weibo.com/2970452952/EjuGBvBkE,EjuGBvBkE,2020-01-13T11:45:36
2970452952,EKU5KNEMJ,2016-12-06T22:56,1,1947,21182,312,#古香古食# 关于橘子…………（附赠地主家的傻女儿四连拍）#朝花柒拾# [组图共9张],2,9,,https://weibo.com/2970452952/EkU5kneMj,EkU5kneMj,2020-01-13T11:45:36
2970452952,EKZTDIRCX,2016-12-04T19:31,1,1065,16051,6677,#古香古食#  关于辣椒油的那点事儿……………#朝花柒拾# [组图共9张],2,9,,https://weibo.com/2970452952/EkzTdiRcX,EkzTdiRcX,2020-01-13T11:45:36
2970452952,ELDM0U9JN,2016-12-11T18:10,1,3738,19739,225,马上就下大霜了，可还有好多柚子都没空摘………[睡] src=//h5.sinaimg.cn/m/emoticon/icon/default/d_shuijiao-6feb2f1452.png style=width:1em; height:1em;>#朝花柒拾# [组图共4张],2,4,,https://weibo.com/2970452952/ElDm0u9Jn,ElDm0u9Jn,2020-01-13T11:45:36
2970452952,ELVP2FTYD,2016-12-13T16:07,1,1206,14713,1163,#古香古食# 蟹粥的做法。（螃蟹拿出来后去取相机准备拍几张过程，一回来就发现主角们被这货给盯上了…………[摊手] src=//h5.sinaimg.cn/m/emoticon/icon/default/d_tanshou-3abaa4ed77.png style=width:1em; height:1em;>[摊手] src=//h5.sinaimg.cn/m/emoticon/icon/default/d_tanshou-3abaa4ed77.png style=width:1em; height:1em;>[摊手] src=//h5.sinaimg.cn/m/emoticon/icon/default/d_tanshou-3abaa4ed77.png style=width:1em; height:1em;>）#朝花柒拾# [组图共9张],2,9,,https://weibo.com/2970452952/ElVp2ftyD,ElVp2ftyD,2020-01-13T11:45:36
2970452952,EMNL8A9MS,2016-12-16T15:14,1,2397,16136,78,一把抱住，没注意到其中一根竹子有豁口……………然而拍视频的下个镜头要用手给腊肉上盐…………盐………盐………[睡] src=//h5.sinaimg.cn/m/emoticon/icon/default/d_shuijiao-6feb2f1452.png style=width:1em; height:1em;> [组图共2张],2,2,,https://weibo.com/2970452952/Emnl8A9Ms,Emnl8A9Ms,2020-01-13T11:45:36
2970452952,EOI5A0QFL,2016-12-31T23:44,1,5654,45419,800,2016年最后一条动态。<br>。<br>不想做菜。<br> 。<br>只！想！撩！妹！！！<br>。<br>#朝花柒拾# [组图共6张],2,6,,https://weibo.com/2970452952/EoI5A0qFl,EoI5A0qFl,2020-01-13T11:45:36
2970452952,EOO3QRZAG,2016-12-29T20:44,1,1922,19983,482,南国的雪。<br><br>#朝花柒拾# [组图共9张],2,9,,https://weibo.com/2970452952/Eoo3qrzaG,Eoo3qrzaG,2020-01-13T11:45:36
2970452952,EPTIE6Z2X,2017-01-08T19:10,1,1501,19086,145,以后就是当妈的羊了，可不能再一天天的造我的菜园子!!!!!!!<br><br>#朝花柒拾# [组图共9张],2,9,,https://weibo.com/2970452952/EpTIe6z2X,EpTIe6z2X,2020-01-13T11:45:36
2970452952,EQ3QQOUZE,2017-01-09T19:55,1,2902,26369,203,历史总是惊人的相似………<br><br>做个老薛@薛之谦 店里类似的竹架子不容易啊[微笑] src=//h5.sinaimg.cn/m/emoticon/icon/default/d_hehe-039d0a6a8a.png style=width:1em; height:1em;><br><br>#手疼没心情加话题# [组图共6张],2,6,,https://weibo.com/2970452952/Eq3qQoUZE,Eq3qQoUZE,2020-01-13T11:45:36
2970452952,ERHABPQGX,2017-01-17T21:48,1,2411,23038,548,柴门闻犬吠，风雪夜归人。<br><br>雪，还在下……<br><br>#朝花柒拾# [组图共9张],2,9,,https://weibo.com/2970452952/ErhABpqgx,ErhABpqgx,2020-01-13T11:45:36
2970452952,ESN8TC0GM,2017-01-27T19:56,1,2441,29885,633,天一黑山下放起了烟火，绚丽的火光照亮了半个天空。又是一年团聚时，过年真好！晒晒你家的年夜饭吧??<br>#朝花柒拾# [组图共9张],2,9,,https://weibo.com/2970452952/EsN8tC0Gm,EsN8tC0Gm,2020-01-13T11:45:36
2970452952,ESUY3HCK5,2017-01-25T21:41,1,867,16566,2545,#古香古食# 吉祥如意百财包，造型乖巧，名字也很讨喜（白菜有“百财”之谐音），做法简单易学，赶紧学会了大年三十在全家人面前露一小手！<br><br>#朝花柒拾# [组图共9张],2,9,,https://weibo.com/2970452952/EsuY3hcK5,EsuY3hcK5,2020-01-13T11:45:36
2970452952,EUAP9HRKD,2017-02-05T21:01,1,2909,38195,1267,记记过年这些天的流水帐吧…<br><br>#朝花柒拾# [组图共9张],2,9,,https://weibo.com/2970452952/Euap9hrKd,Euap9hrKd,2020-01-13T11:45:36
2970452952,EUJH5SG7M,2017-02-06T20:40,1,1913,32233,1247,万树寒无色，南枝独有花。<br><br>#朝花柒拾# [组图共9张],2,9,,https://weibo.com/2970452952/EujH5sg7M,EujH5sg7M,2020-01-13T11:45:36
2970452952,EV5A6DJKD,2017-02-11T21:31,1,2666,24042,495,今天，你偷了么！[doge] src=//h5.sinaimg.cn/m/emoticon/icon/others/d_doge-861403219c.png style=width:1em; height:1em;><br><br>#朝花柒拾# [组图共9张],2,9,,https://weibo.com/2970452952/Ev5a6DJKD,Ev5a6DJKD,2020-01-13T11:45:36
2970452952,EWFDFHT8F,2017-02-19T12:57,1,3473,26306,875,拼凑些你们不感兴趣的日常………<br><br>#朝花柒拾# [组图共9张],2,9,,https://weibo.com/2970452952/EwfdFhT8f,EwfdFhT8f,2020-01-13T11:45:36
2970452952,EX3EAOFWO,2017-02-24T21:20,1,2130,27558,245,今儿个家里又多了两个造我菜园子的货……心脏疼………? [组图共6张],2,6,,https://weibo.com/2970452952/Ex3EaoFwO,Ex3EaoFwO,2020-01-13T11:45:36
2970452952,EYAE4F1JS,2017-03-06T23:10,1,5223,35982,1684,。<br>抱歉了，我要请一个视频的假。<br><br>。<br>。<br>#朝花柒拾# [组图共9张],2,9,,https://weibo.com/2970452952/EyAE4f1JS,EyAE4f1JS,2020-01-13T11:45:36
2970452952,EZUGNPWRO,2017-03-12T21:50,1,1856,21718,279,我可能…<br>过了一个…<br>假的阳春三月……[白眼] src=//h5.sinaimg.cn/m/emoticon/icon/default/d_landelini-5788756d18.png style=width:1em; height:1em;><br><br>#朝花柒拾# [组图共9张],2,9,,https://weibo.com/2970452952/EzuGnpwrO,EzuGnpwrO,2020-01-13T11:45:36
2970452952,F16MUNNNA,2017-05-01T17:13,1,2142,24474,513,…<br>大马士革怒放的季节…<br>整天哪儿都不愿去只想呆在花田折腾…<br>花是香的…风是香的…<br>人是香的…连天上的云…看上去都是香的……<br>如果能就这样呆一辈子……那该多好<br><br>#朝花柒拾# [组图共9张],2,9,,https://weibo.com/2970452952/F16MunNnA,F16MunNnA,2020-01-13T11:45:36
2970452952,F2UYCGVW5,2017-05-13T13:47,1,86559,230244,42671,对不起…<br>我的视频要暂时停更了………李子柒的秒拍视频<br><br>（这是一条负能量爆棚的微博，谨慎打开…）<br><br>#朝花柒拾# [组图共9张],3,9,https://m.weibo.cn/s/video/show?object_id=2017607:3c09d949ec27b2ff91d5048052eaa213&fromWap=1,https://weibo.com/2970452952/F2UyCgVW5,F2UyCgVW5,2020-01-13T11:45:36
2970452952,F4BNEDHH6,2017-05-21T22:25,1,37861,140060,7432,我还好，你们呢？<br><br>#朝花柒拾# [组图共9张],2,9,,https://weibo.com/2970452952/F4bneDhh6,F4bneDhh6,2020-01-13T11:45:36
2970452952,F5DVZUMF7,2017-05-28T17:42,1,3579,33743,204,新更的三条视频《小龙虾》《树莓酱》《染布》都是请了朋友帮拍后，我们试拍出的样片，因为拍的很辛苦也没舍得扔就放上来给大家看看。所有评论我都有看过了，好的坏的我在这里一并谢过??,2,1,,https://weibo.com/2970452952/F5dvzumf7,F5dvzumf7,2020-01-13T11:45:36
2970452952,F7X3G45IM,2017-06-12T23:08,1,10727,68640,2980,柒式流水账……<br><br>#古香古食# [组图共9张],2,9,,https://weibo.com/2970452952/F7x3g45IM,F7x3g45IM,2020-01-13T11:45:36
2970452952,F8EX99XGR,2017-06-17T13:49,1,8833,122281,742,受之有愧，继续前行。<br>感恩224万个你??<br><br>#超级红人节# [组图共6张],2,6,,https://weibo.com/2970452952/F8ex99xGr,F8ex99xGr,2020-01-13T11:45:36
2970452952,FB9DOCBDA,2017-07-06T18:52,1,9290,93115,3794,能跑、能跳、能吃、能睡。<br>还能自由行走…<br>多好……<br>#朝花柒拾# [组图共9张],2,9,,https://weibo.com/2970452952/Fb9DoCBdA,Fb9DoCBdA,2020-01-13T11:45:36
2970452952,FCMX36DWG,2018-01-04T11:32,1,26000,231845,12735,村里各家的年猪都杀完了，我这俩货却越养越瘦，入冬开始就吃的很少。老子怀疑它俩在偷偷减肥[微笑] src=//h5.sinaimg.cn/m/emoticon/icon/default/d_hehe-039d0a6a8a.png style=width:1em; height:1em;> [组图共4张],2,4,,https://weibo.com/2970452952/FCMx36dWG,FCMx36dWG,2020-01-13T11:45:36
2970452952,FDQ3SVYQQ,2018-01-08T16:09,2,2617,101860,2775,【今天，发条微博，怀念敬爱的周总理[蜡烛] src=//h5.sinaimg.cn/m/emoticon/icon/others/o_lazhu-6209fc6e73.png style=width:1em; height:1em;>】50多年革命生涯，26年总理任期，他鞠躬尽瘁；他离去，身后没子女也没财产，却有十里长街百万群众洒泪送别！今天，周恩来总理辞世42周年[泪] src=//h5.sinaimg.cn/m/emoticon/icon/default/d_lei-1b4b02f8b1.png style=width:1em; height:1em;>中国之变化已经天翻地覆，但岁月并没有冲淡人们对他的怀念。在他深爱的土地上，他的名字依旧穿透时空，感召人心！ [组图共9张],2,9,,https://weibo.com/2970452952/FDq3svyqQ,FDq3svyqQ,2020-01-13T11:45:36
2970452952,FEBW4J479,2017-07-26T18:14,1,6345,77022,460,夏天夏天悄悄过去留下小秘密[拜拜] src=//h5.sinaimg.cn/m/emoticon/icon/default/d_baibai-71b47dffdc.png style=width:1em; height:1em;><br><br>#朝花柒拾# [组图共3张],2,3,,https://weibo.com/2970452952/FebW4j479,FebW4j479,2020-01-13T11:45:36
2970452952,FGC6MEDOB,2017-08-08T22:20,1,3451,60048,160,抱歉让大家担心，一切安好。会照顾好自己和家人，愿庇佑200多公里以外的九寨平安[抱抱] src=//h5.sinaimg.cn/m/emoticon/icon/default/d_baobao-b928ba5761.png style=width:1em; height:1em;>[抱抱] src=//h5.sinaimg.cn/m/emoticon/icon/default/d_baobao-b928ba5761.png style=width:1em; height:1em;>[抱抱] src=//h5.sinaimg.cn/m/emoticon/icon/default/d_baobao-b928ba5761.png style=width:1em; height:1em;>,2,1,,https://weibo.com/2970452952/Fgc6mEdOb,Fgc6mEdOb,2020-01-13T11:45:36
2970452952,FMQKTLTSM,2017-09-18T22:40,1,24859,161443,5204,你好，<br>我叫李子柒。<br>请摸着你的良心说，<br>有没有想我？[doge] src=//h5.sinaimg.cn/m/emoticon/icon/others/d_doge-861403219c.png style=width:1em; height:1em;>[doge] src=//h5.sinaimg.cn/m/emoticon/icon/others/d_doge-861403219c.png style=width:1em; height:1em;>[doge] src=//h5.sinaimg.cn/m/emoticon/icon/others/d_doge-861403219c.png style=width:1em; height:1em;><br><br>#朝花柒拾# [组图共9张],2,9,,https://weibo.com/2970452952/FmqKTltSM,FmqKTltSM,2020-01-13T11:45:36
2970452952,FTQZNPZ67,2017-11-06T18:20,1,113694,247964,23549,#朝花柒拾# <br><br>感谢500万个你??<br><br>…<br>…… [组图共9张],2,9,,https://weibo.com/2970452952/FtQZnpz67,FtQZnpz67,2020-01-13T11:45:36
2970452952,G9ZOTSU1W,2018-03-29T08:34,1,14673,169868,3068,女孩子家家的，就不要晒春天的太阳了！良心忠告[doge] src=//h5.sinaimg.cn/m/emoticon/icon/others/d_doge-861403219c.png style=width:1em; height:1em;>,2,1,,https://weibo.com/2970452952/G9zOtsu1W,G9zOtsu1W,2020-01-13T11:45:36
2970452952,GCXTIKVUD,2018-10-05T19:55,1,18303,108513,8190,来，<br>可爱的大妹纸们！<br>聊两块钱的呗～～<br><br>国庆节快乐哦～[doge] src=//h5.sinaimg.cn/m/emoticon/icon/others/d_doge-861403219c.png style=width:1em; height:1em;>[doge] src=//h5.sinaimg.cn/m/emoticon/icon/others/d_doge-861403219c.png style=width:1em; height:1em;>[doge] src=//h5.sinaimg.cn/m/emoticon/icon/others/d_doge-861403219c.png style=width:1em; height:1em;><br>#柒式尬聊##朝花柒拾# [组图共9张],2,9,,https://weibo.com/2970452952/GCxtikVuD,GCxtikVuD,2020-01-13T11:45:36
2970452952,GEG9PZ83B,2018-10-19T21:42,1,30056,74387,22757,这次配合天猫双11的预售活动，<br>准备了很多我限量定制的品牌物料做礼品<br>温暖实用。<br>就是要求的规则太特么烦人了，<br>简直是在做阅读理解！！！！<br>我刚整理了个通俗易懂的[摊手] src=//h5.sinaimg.cn/m/emoticon/icon/default/d_tanshou-3abaa4ed77.png style=width:1em; height:1em;><br>#超级c位# #朝花柒拾# [组图共9张],2,9,,https://weibo.com/2970452952/GEG9pz83b,GEG9pz83b,2020-01-13T11:45:36
2970452952,GR87BAIHL,2018-07-22T19:10,1,6623,98105,10242,#世界急需保护的非物质文化遗产# <br>东源木活字印刷文化馆的馆长告诉我：“在我们这，还能实际操作这门技艺的匠人只剩2个人了………”<br>#请耐心读完# [组图共9张],2,9,,https://weibo.com/2970452952/Gr87BaiHl,Gr87BaiHl,2020-01-13T11:45:36
2970452952,GTG9F5CTT,2018-08-05T19:17,1,76100,280489,50444,一旦忙起来时间就过的特别快，<br>快三年了，终于为自己交上一份答卷！<br><br>想说的都在图里，谢谢你们一直的庇护。<br>用心为你们准备了几百份礼物，<br>请查收??<br>#朝花柒拾# [组图共9张],2,9,,https://weibo.com/2970452952/Gtg9f5ctt,Gtg9f5ctt,2020-01-13T11:45:36
2970452952,GUXLJA0RY,2018-08-17T00:09,1,68191,124887,54625,有时间就细细读，<br>没时间就快速看看倒数第二页！<br>超级超级多的礼物！<br>转发留言+手淘关注“李子柒旗舰店”<br>527份微博免单名额，<br>对！527名！只要抽中买多少免多少！<br>淘宝搜索 @李子柒 ，有个好玩的。试试看！<br>#朝花柒拾##用美食温暖你# [组图共9张],2,9,,https://weibo.com/2970452952/GuXLja0ry,GuXLja0ry,2020-01-13T11:45:36
2970452952,GYJXNCUHY,2018-09-10T19:18,1,131824,196266,78112,小时候过中秋。<br>祭月神，吃月饼，听爷爷讲故事…<br>嫦娥奔月，吴刚伐桂，玉兔捣药……<br>时过境迁，子欲养而亲不在！<br>中秋有时间就回趟家吧，<br>这辈子最深爱你的家人，也在等你回家！<br>转发+留言抽277份中秋月饼，陪你回家团圆。<br>#朝花柒拾# <br>限量优惠券，子柒中秋礼，身着清宫后妃吉服的礼盒，点击领取100元优惠券！ [组图共9张],2,9,,https://weibo.com/2970452952/GyJxNCuHY,GyJxNCuHY,2020-01-13T11:45:36
2970452952,H9PA67CGE,2018-12-31T22:23,1,47181,84461,2281,在这写下2019的愿望吧！<br>万一呢？<br><br>#朝花柒拾# [组图共2张],2,2,,https://weibo.com/2970452952/H9Pa67cGe,H9Pa67cGe,2020-01-13T11:45:36
2970452952,HBDGZBBWH,2019-01-12T19:48,1,89020,168177,82648,上次“某事件”后开始准备的礼物，终于在年前落定。“两根木棍”又如何？一样撬动着中国博大精深的饮食文化，见证了几千年古老的东方文明！我们从咿呀学语到垂暮。从未离开的，正是这双简单朴素的“中国筷子”！<br>今天把这1777份精美礼筷送给一直关注我的粉丝朋友，带它回家过年吧！<br>#朝花柒拾# 李子柒旗舰店，年货礼盒限量抢购中            [组图共9张],2,9,,https://weibo.com/2970452952/HbDgZbbWh,HbDgZbbWh,2020-01-13T11:45:36
2970452952,HDAQM1PWS,2019-01-22T23:06,1,10136,194387,3075,感谢一直支持我的朋友们！让李子柒小朋友再次拿到这个奖！不过意外的是今年居然有50万奖金。想着是因有你们的支持才能拿到这个奖！所以我就自己做了个主。把这笔奖金以“李子柒粉丝”的名义捐助到公益助学。之后助理号会公开跟进相关事宜。感恩所有，谢谢大家??[心] src=//h5.sinaimg.cn/m/emoticon/icon/others/l_xin-6912791858.png style=width:1em; height:1em;>[心] src=//h5.sinaimg.cn/m/emoticon/icon/others/l_xin-6912791858.png style=width:1em; height:1em;>#朝花柒拾# [组图共3张],2,3,,https://weibo.com/2970452952/HdaQm1Pws,HdaQm1Pws,2020-01-13T11:45:36
2970452952,HL4IR2GEH,2019-03-15T21:08,1,20450,180968,12783,啊！<br>朋友们呐！<br>我可想死你们了！<br><br> #朝花柒拾# ？ [组图共9张],2,9,,https://weibo.com/2970452952/Hl4ir2GEH,Hl4ir2GEH,2020-01-13T11:45:36
2970452952,I2QOYJPBK,2019-08-18T23:24,1,12918,129063,11370,围方帐，张灯烛，记忆里那难忘的皮影戏<br>还有那栩栩如生的古代英雄美人，<br>李白举杯邀明月，貂蝉拜月…<br>许多年前，爷爷讲给我听的文化故事<br>不如将这同是2000多年历史的纸雕与皮影戏<br>连在一起雕刻一副画卷，你且听一听看一看<br>【转+晒加购截图】抽177位送此中秋月饼礼盒 【晒加购抽免单】可做花灯！点击下方↓↓↓加购，并在【评论区晒出购物车截图】即可参与抽免  抽奖详情            [组图共9张],2,9,,https://weibo.com/2970452952/I2QoyjPbk,I2QoyjPbk,2020-01-13T11:45:36
2970452952,CZKDJRXFP,2015-09-06T21:43,1,762,10898,51,我本是山中一颗包治百病的板蓝根[doge] src=//h5.sinaimg.cn/m/emoticon/icon/others/d_doge-861403219c.png style=width:1em; height:1em;> <br>,1,0,,https://weibo.com/2970452952/CzkdJrxFp,CzkdJrxFp,2020-01-13T11:45:36
2970452952,DB6VOYBPI,2016-06-20T13:13,1,2957,30843,1602,#父亲节# 对我来说，彷佛这并不是一个开心的起来的日子！！听奶奶说你喜欢吃这个。就临时做了，22年了…我很想你……李子柒的秒拍视频 <br>,3,0,https://m.weibo.cn/s/video/show?object_id=2017607:02de0c938bda9f940f96f3eaead94086&fromWap=1,https://weibo.com/2970452952/DB6voyBPI,DB6voyBPI,2020-01-13T11:45:36
2970452952,DCXV1LS0Z,2016-07-02T19:02,1,942,13758,2180,#古香古食# 对于“覆盆子”最初的印象大部分人应该还是停留在鲁迅先生《从百草园到三味书屋》中的描述，其实我们小时候满山看到的刺泡儿、乌豆莓、乌树莓都是它！和老冰棍儿一样都是我们满满的儿时回忆??#不可辜负的美食#  @鲜城  李子柒的秒拍视频 <br>,3,0,https://m.weibo.cn/s/video/show?object_id=2017607:a709995aed9e3ef20e9c57271920e873&fromWap=1,https://weibo.com/2970452952/DCXV1lS0z,DCXV1lS0z,2020-01-13T11:45:36
2970452952,DDCNF74ON,2016-07-04T08:55,1,2182,23156,2352,#古香古食# 可以吃的树叶，渐被遗忘的传统手工。臭黄荆凉粉，也有地方叫它斑鸠子、观音叶。谁吃过？? （前面微博发的大灵芝就是录这个视频的时候意外发现的[嘻嘻] src=//h5.sinaimg.cn/m/emoticon/icon/default/d_xixi-813ededea2.png style=width:1em; height:1em;>）#不可辜负的美食#  @鲜城  李子柒的秒拍视频 <br>,3,0,https://m.weibo.cn/s/video/show?object_id=2017607:c3a483a877309cb4fa4fbb1fb1bc2bd2&fromWap=1,https://weibo.com/2970452952/DDcNF74oN,DDcNF74oN,2020-01-13T11:45:36
2970452952,DDRQLFQZT,2016-07-08T17:25,1,615,11786,1726,#古香古食#  金银花，又名鸳鸯藤。性甘寒、气芳香。甘寒清热而不伤胃，芳香透达又可祛邪。7爷今天就来教你们金银花从采花到制成金银花茶的方法?@鲜城 #不可辜负的美食# （水印是我改名字之前的，勿喷）李子柒的秒拍视频 <br>,3,0,https://m.weibo.cn/s/video/show?object_id=2017607:c0b94222f750863168e3c2921ed5ed5a&fromWap=1,https://weibo.com/2970452952/DDRQlFqZt,DDRQlFqZt,2020-01-13T11:45:36
2970452952,DDYTJE0NX,2016-07-06T16:07,1,1204,22045,4016,#古香古食# 这是我做给奶奶吃的，当初种下这颗南瓜的时候就是为了做这道菜。南瓜软糯香甜，鸡蛋嫩滑鲜美。营养全面！大家可以做给家里的老人家??? @鲜城  #不可辜负的美食# 李子柒的秒拍视频 <br>,3,0,https://m.weibo.cn/s/video/show?object_id=2017607:fe5c0ab4b1cb4376d425b50324080d57&fromWap=1,https://weibo.com/2970452952/DDytJE0nX,DDytJE0nX,2020-01-13T11:45:36
2970452952,DEBUDH5XS,2016-07-13T14:42,1,1532,22947,3320,#古香古食# 如果有朋友过生日，不妨亲手为她/他做这个24K纯水果的西瓜蛋糕吧！绝对会是他们收到的最惊艳、最有创意的礼物。?   （水印是改名字之前的，勿喷） @鲜城 #不可辜负的美食# 李子柒的秒拍视频 <br>,3,0,https://m.weibo.cn/s/video/show?object_id=2017607:b10b22a86dc3e50e2f966c13fa6670eb&fromWap=1,https://weibo.com/2970452952/DEBUDh5xS,DEBUDh5xS,2020-01-13T11:45:36
2970452952,DQPIP07F5,2016-04-11T05:54,1,4227,22352,1737,#四季更替，适时而食##腌笃鲜的做法# 春天，是吃笋的好时节。而腌笃鲜这道江南菜肴就最能把笋子的鲜味发挥到极致。此菜有竹笋的脆嫩，莴笋的清甜以及腊肉的口齿留香。汤白汁浓、鲜香味美。春季力荐的一道汤品菜?#踏春美食节##舌尖上的绵阳#李子柒的秒拍视频 <br>,3,0,https://m.weibo.cn/s/video/show?object_id=2017607:3afdfd39463e46a69ea008acf9cf6551&fromWap=1,https://weibo.com/2970452952/DqpIp07f5,DqpIp07f5,2020-01-13T11:45:36
2970452952,DRZOD80XW,2016-04-18T21:27,1,1310,16624,1422,#四季更替，适时而食##舌尖上的绵阳#一直很喜欢槐花，小时候没有零食，都从树上摘一串花直接扔嘴里嚼，清香嫩甜。槐花还可以止血凉血、清肝泻火。我做的这种不放任何调味料的方子最能保存槐花的清甜。除此之外还可以煎蛋、炒肉都很好吃。有条件可以一试[心] src=//h5.sinaimg.cn/m/emoticon/icon/others/l_xin-6912791858.png style=width:1em; height:1em;>#绵阳生活##踏春美食节# 李子柒的秒拍视频 <br>,3,0,https://m.weibo.cn/s/video/show?object_id=2017607:aef3294c6825bc0c92d53f15174f08da&fromWap=1,https://weibo.com/2970452952/DrzOD80xW,DrzOD80xW,2020-01-13T11:45:36
2970452952,DSQPF5DRO,2016-04-24T11:20,1,1369,14970,2571,#古香古食# 樱桃?成熟的季节…但是这种水果食用期太短。所以除了现吃以外我更喜欢做成樱桃酒。这样就能在它下市以后也能吃到带有酒香的樱桃果肉，更可以在闲暇约上三五好友一起小酌两杯樱桃果香的美酒！人生如此，甚好！[心] src=//h5.sinaimg.cn/m/emoticon/icon/others/l_xin-6912791858.png style=width:1em; height:1em;>#舌尖上的绵阳# 李子柒的秒拍视频 <br>,3,0,https://m.weibo.cn/s/video/show?object_id=2017607:1d95fbd373f349235e5070f8c7c6d029&fromWap=1,https://weibo.com/2970452952/Dsqpf5drO,Dsqpf5drO,2020-01-13T11:45:36
2970452952,DSWTQX5SE,2016-04-27T20:59,1,724,13054,3274,#古香古食##古法川贝枇杷膏# 枇杷鲜果生津润肺，川贝止咳平喘。小时候感冒引起的咳嗽全靠它！味道又香又甜，冲水既能当饮料喝又能治病。一举多得[心] src=//h5.sinaimg.cn/m/emoticon/icon/others/l_xin-6912791858.png style=width:1em; height:1em;>李子柒的秒拍视频舌尖上的绵阳# <br>,3,0,https://m.weibo.cn/s/video/show?object_id=2017607:09ade9bc8af79e5668dc45d13b8a18ff&fromWap=1,https://weibo.com/2970452952/DsWtqx5sE,DsWtqx5sE,2020-01-13T11:45:36
2970452952,DSZS0GYDR,2016-04-25T11:26,1,1057,12396,999,#古香古食# 说要发够5个原创视频。好吧！清明时节拍的那个#清明粑粑# 视频，看着丑，其实挺好吃的。因为加了腊肉炒炒。李子柒的秒拍视频 <br>,3,0,https://m.weibo.cn/s/video/show?object_id=2017607:cbb65481b904877c46a68cfe1dda9a52&fromWap=1,https://weibo.com/2970452952/DszS0gYdR,DszS0gYdR,2020-01-13T11:45:36
2970452952,DTHTSY0CR,2016-05-02T20:38,1,2149,29637,12011,#棕编篮子#我来教你们如何用一片叶子就可以编一个花篮！很简单的牛X技能，学会以后就能在朋友面前愉快的装13了[doge] src=//h5.sinaimg.cn/m/emoticon/icon/others/d_doge-861403219c.png style=width:1em; height:1em;>[doge] src=//h5.sinaimg.cn/m/emoticon/icon/others/d_doge-861403219c.png style=width:1em; height:1em;>李子柒的秒拍视频 <br>,3,0,https://m.weibo.cn/s/video/show?object_id=2017607:8bbd72805271ddb5511a81ff83e01771&fromWap=1,https://weibo.com/2970452952/DtHtsy0CR,DtHtsy0CR,2020-01-13T11:45:36
2970452952,DUTLMDSUG,2016-05-10T16:42,1,1162,14697,2592,#古香古食#野生鲫鱼汤。健脾利湿，清热解毒，通脉下乳，利水消肿。（野鲫鱼鱼背呈黑金色，体型清瘦。人工饲养则为黑色，体型肥大，以此可区分）李子柒的秒拍视频 <br>,3,0,https://m.weibo.cn/s/video/show?object_id=2017607:f34842a873d5b349e090db2a0f6c9de7&fromWap=1,https://weibo.com/2970452952/DuTlMdSUG,DuTlMdSUG,2020-01-13T11:45:36
2970452952,DVFCO3Y5Y,2016-05-15T19:36,1,601,10894,1822,#古香古食# 眼看枇杷就要过季了，赶紧做一些罐头存起来。炎热的夏天，吃上一罐冰冰甜甜又消暑，太过瘾！[心] src=//h5.sinaimg.cn/m/emoticon/icon/others/l_xin-6912791858.png style=width:1em; height:1em;>李子柒的秒拍视频 <br>,3,0,https://m.weibo.cn/s/video/show?object_id=2017607:b2270625fddb873a8e5c98a426e9099f&fromWap=1,https://weibo.com/2970452952/DvFCO3Y5y,DvFCO3Y5y,2020-01-13T11:45:36
2970452952,DVJ8BRTMA,2016-05-13T10:21,1,655,11681,1384,#古香古食# 蒲公英可以吃？《本草纲目》记载：“解食毒、散滞气、化热毒、消恶肿、结核…”可治各种炎症，既可食用、又可入药！李子柒的秒拍视频 <br>,3,0,https://m.weibo.cn/s/video/show?object_id=2017607:d4b73edf66bc327fe5d5376942488822&fromWap=1,https://weibo.com/2970452952/Dvj8BrTMA,Dvj8BrTMA,2020-01-13T11:45:36
2970452952,DWE0I7VS3,2016-05-19T11:07,1,621,11923,1747,#古香古食# 不需要任何厨艺基础就能做的玫瑰醋做法，做好的玫瑰醋可以护肤，做凉菜的时候放一点吃起来满口玫瑰香。[心] src=//h5.sinaimg.cn/m/emoticon/icon/others/l_xin-6912791858.png style=width:1em; height:1em;>李子柒的秒拍视频 <br>,3,0,https://m.weibo.cn/s/video/show?object_id=2017607:0bb6fe89aba02a3eff3e8eae6fbf9a95&fromWap=1,https://weibo.com/2970452952/Dwe0i7vS3,Dwe0i7vS3,2020-01-13T11:45:36
2970452952,DYJGW46UF,2016-06-04T22:23,1,1127,16860,4540,#古香古食#金黄色无铅松花皮蛋的窍门在于草木灰，只要用柏树烧的草木灰做出来就是金黄色。（我做的20只蛋，材料比例，石灰：120克，面碱50克，盐20克，茶叶20克，草木灰200克，谷壳200克）李子柒的秒拍视频 <br>,3,0,https://m.weibo.cn/s/video/show?object_id=2017607:1bfc3028bb4ac6bbb5aa5542199092fd&fromWap=1,https://weibo.com/2970452952/DyJgw46Uf,DyJgw46Uf,2020-01-13T11:45:36
2970452952,E0N9NF4LG,2016-07-24T22:19,1,682,10476,1401,#古香古食# 荷花茶，《本草纲目》记载：“荷花，清心凉血，祛热解毒。”本来三分钟就能剪完的视频我硬生生凑玩4分38，就是为了给@薛之谦 打歌！音乐《精灵王座》主题曲《我好像在哪见过你》单曲循环2礼拜了！一定要听。@薛之谦的小话筒 @薛之谦全球后援会  #不可辜负的美食# @鲜城 李子柒的秒拍视频 <br>,3,0,https://m.weibo.cn/s/video/show?object_id=2017607:b33024e2f0e34068310021bbc0e1859b&fromWap=1,https://weibo.com/2970452952/E0n9nF4LG,E0n9nF4LG,2020-01-13T11:45:36
2970452952,E2JZN47ZU,2016-08-09T12:08,1,724,12455,1224,#古香古食#七夕节，又名乞巧节。相传在七月初七这一天，姑娘们穿上新衣向织女乞求智慧和巧艺。故名“乞巧”。乞巧节便要吃“巧食”也叫乞巧果子/七巧果。希望我们不单单记得今天是七夕情人节，更要记得它的传统文化和典故?这才是真的#不可辜负的美食# @鲜城 李子柒的秒拍视频 <br>,3,0,https://m.weibo.cn/s/video/show?object_id=2017607:96043ab88755f4b8dcd96951b9d453b3&fromWap=1,https://weibo.com/2970452952/E2JZn47zu,E2JZn47zu,2020-01-13T11:45:36
2970452952,E3UAYFIW3,2016-08-14T09:43,1,1038,17357,2552,#古香古食# 炸荷花…爷爷做过下乡厨子，荷（合）花，有百年好合之意，所以第一次吃到是在村里人结婚的喜宴…的厨房里，爷爷做好后我趁他不注意偷吃了一个…外皮酥脆，荷花清香…这应该是记忆里的味道#不可辜负的美食# @鲜城  李子柒的秒拍视频 <br>,3,0,https://m.weibo.cn/s/video/show?object_id=2017607:c1cbee7fb4ecceba3895586986ec93aa&fromWap=1,https://weibo.com/2970452952/E3uaYfIw3,E3uaYfIw3,2020-01-13T11:45:36
2970452952,E5MUINFGG,2016-08-29T13:06,1,1182,14633,1420,#古香古食# 山珍（一）上方鸡枞。鸡枞菌，菌中之魁。在很多人眼里是比松茸还要珍贵的食材；上方，为金华火腿中肉质最好的部分。鸡枞吸收上方火腿的咸香后味道鲜美无比…#不可辜负的美食# @鲜城 李子柒的秒拍视频 <br>,3,0,https://m.weibo.cn/s/video/show?object_id=2017607:3e37b1ed851a1a1d21892702eb653538&fromWap=1,https://weibo.com/2970452952/E5MUInFgG,E5MUInFgG,2020-01-13T11:45:36
2970452952,E6F7PCKWN,2016-09-01T12:54,1,2141,21822,3842,#古香古食# 小叫花子七仔教你们荷叶叫花鸡喽！烤焦那一块好吃到舔手指[doge] src=//h5.sinaimg.cn/m/emoticon/icon/others/d_doge-861403219c.png style=width:1em; height:1em;>说好微博也送福利的，转发评论里抽5位每人送视频里的莲蓬2斤[心] src=//h5.sinaimg.cn/m/emoticon/icon/others/l_xin-6912791858.png style=width:1em; height:1em;>（视频是在我中暑情况下拍的，头晕的天旋地转还要拍摄和操作还有烤火，迷糊的不行，视频里我泥和稀了，你们自己做要和干一些……）李子柒的秒拍视频 #古风# <br>,3,0,https://m.weibo.cn/s/video/show?object_id=2017607:a6f1c4aba869d3c9a21e1060be113c4c&fromWap=1,https://weibo.com/2970452952/E6f7pCKwn,E6f7pCKwn,2020-01-13T11:45:36
2970452952,E6PHZZELD,2016-09-05T08:59,1,1656,18764,4171,#古香古食# 啥？原来东坡肘子不是苏东坡发明的？ 哈…其实也差不多，传说是他夫人王氏歪打正着的妙作。也算是流传百世的经典川菜！ #古风##不可辜负的美食# @鲜城 李子柒的秒拍视频 <br>,3,0,https://m.weibo.cn/s/video/show?object_id=2017607:170089a09d3346c2eff74550b4ced46a&fromWap=1,https://weibo.com/2970452952/E6PhZzeLd,E6PhZzeLd,2020-01-13T11:45:36
2970452952,E79YOHIRQ,2016-09-07T12:34,1,2251,24992,4311,#古香古食# 今天来教你们做个洋玩意儿…全网独一份儿一整颗榛子仁儿的纯手工豪华版费列罗视频…这家伙我两年前就会做，只是那时还没玩儿视频…（感恩一下有个小福利，转发+评论里由@微博抽奖平台 抽取5名送费列罗一份。小小心意[心] src=//h5.sinaimg.cn/m/emoticon/icon/others/l_xin-6912791858.png style=width:1em; height:1em;>）#古风# 李子柒的秒拍视频 <br>,3,0,https://m.weibo.cn/s/video/show?object_id=2017607:5f80e3441f2282fde953e79fa051d487&fromWap=1,https://weibo.com/2970452952/E79yohirq,E79yohirq,2020-01-13T11:45:36
2970452952,E7U8ELKL7,2016-09-12T11:09,1,3983,28835,4503,#古香古食#传统手工老月饼，小时候吃过的饼，一面沾满芝麻一面烤的有点焦...瓜子 花生 青红丝...偶尔还能嚼到一丝陈皮........味道是有记忆的，当你再次触碰到它的时候，所有的回忆都变得清晰...…（转评,3,0,https://m.weibo.cn/s/video/show?object_id=2017607:92d50a966e2c1d86961194b9d5b7f6f1&fromWap=1,https://weibo.com/2970452952/E7U8elKl7,E7U8elKl7,2020-01-13T11:45:36
2970452952,E8RMEUKUX,2016-09-16T00:48,1,3405,29445,6930,#古香古食# 古有传说吴刚月宫自酿桂花酒，今儿个哪位爱妃有空，来陪七爷我饮酒赏月可好？     （一个人要拍摄又要操作过程，晚上又不好对焦...后面那几十秒整整拍了8个小时.....累成狗....还有...感觉看完今天的酒鬼7，你们又要吵着要跟我离婚了.....） @鲜城 #不可辜负的美食# 李子柒的秒拍视频 <br>,3,0,https://m.weibo.cn/s/video/show?object_id=2017607:172b84edacb1ea58d8356c826d281388&fromWap=1,https://weibo.com/2970452952/E8rMeuKux,E8rMeuKux,2020-01-13T11:45:36
2970452952,E9NTAFACC,2016-09-24T22:56,1,2397,24513,3969,#古香古食# 山西名片----刀削面。至今已有2000多年的历史，山西特色传统美食，中国十大名面之一。刀削面吃起来要够劲道，和面和揉面是关键，水合面的比例为一斤面3两水最合适。入口外滑内筋，软而不黏。形似柳叶，天下一绝。@鲜城  #不可辜负的美食# 李子柒的秒拍视频 <br>,3,0,https://m.weibo.cn/s/video/show?object_id=2017607:a03bdf85f9a1e25ad63ab9120b44586c&fromWap=1,https://weibo.com/2970452952/E9NTaFAcC,E9NTaFAcC,2020-01-13T11:45:36
2970452952,EB5IVVBOP,2016-10-03T09:05,1,5039,39654,15286,#古香古食# 梅菜扣肉，又称烧白、虎皮扣肉，属粤菜客家菜......传说苏东坡居惠州时让家厨仿东坡扣肉的做法用梅菜做成了这道“梅菜扣肉” ......小时候看爷爷在各种乡宴上做过很多次....零星的记忆...模糊的画面...一种味道念一个人...... @鲜城 #不可辜负的美食# #地方美食# 李子柒的秒拍视频 <br>,3,0,https://m.weibo.cn/s/video/show?object_id=2017607:be1ea10ec1316b61a4c5e14b24dfec26&fromWap=1,https://weibo.com/2970452952/Eb5ivvbOP,Eb5ivvbOP,2020-01-13T11:45:36
2970452952,EBGSACVZP,2016-10-07T07:42,1,2983,31963,10148,#古香古食# 黑鱼，早在2000多年前就被《神农本草经》列为虫鱼上品。不光其蛋白质比鸡、牛肉高，它还是一味药。可祛瘀生新、生肌补血、促进伤口愈合。刺儿少，适合老人。重阳节到了！用它给家里的老人煮一锅热粥吧！#地方美食#（属粤菜） #不可辜负的美食# @鲜城 李子柒的秒拍视频 <br>,3,0,https://m.weibo.cn/s/video/show?object_id=2017607:9879d1295a08d85100878ddf6b9ba121&fromWap=1,https://weibo.com/2970452952/EbGsAcVZP,EbGsAcVZP,2020-01-13T11:45:36
2970452952,EC0JUDXWY,2016-10-09T10:14,1,1238,22046,4820,#古香古食#重阳节起于公元前221年，经历了2000多年的历史文明。人们在这天登高望远、饮酒赏菊、吃重阳糕、佩戴茱萸。在传统文化日渐被淡忘的今天，如果您刚好看到这个视频，请把它分享给你的亲朋或者孩子。也算是对中国传统文化的一种传承吧！#地方美食# @鲜城 #不可辜负的美食# 李子柒的秒拍视频 <br>,3,0,https://m.weibo.cn/s/video/show?object_id=2017607:615ec95092a13c95e8bceffcbaf75a7f&fromWap=1,https://weibo.com/2970452952/Ec0juDxWy,Ec0juDxWy,2020-01-13T11:45:36
2970452952,ECO7IBEGS,2017-03-31T22:38,1,11429,47506,20097,#古香古食# 清明雨上，做个“青团子”吃吃！<br><br>艾草是植物界的万金油，好处多的说不完。这个季节的艾草刚刚长出来，嫩嫩的艾叶做成小糯米团子配上这个春季第一茬嫩笋子炒腊肉，香到啃手指！<br>#灵魂美食# @鲜城 李子柒的秒拍视频 <br>,3,0,https://m.weibo.cn/s/video/show?object_id=2017607:a2eb9af6b05136a3fc353da718c8da56&fromWap=1,https://weibo.com/2970452952/ECo7iBEgS,ECo7iBEgS,2020-01-13T11:45:36
2970452952,ECOBLXNQP,2017-03-31T22:49,2,7665,28533,7500,#古香古食# 清明雨上，做个“青团子”吃吃！<br><br>艾草是植物界的万金油，好处多的说不完。这个季节的艾草刚刚长出来，嫩嫩的艾叶做成小糯米团子配上这个春季第一茬嫩笋子炒腊肉，香到啃手指！<br>#灵魂美食# @鲜城 李子柒的秒拍视频 <span class=cmt>,3,0,https://m.weibo.cn/s/video/show?object_id=2017607:a2eb9af6b05136a3fc353da718c8da56&fromWap=1,https://weibo.com/2970452952/ECobLxnqP,ECobLxnqP,2020-01-13T11:45:36
2970452952,EDFKPBFDH,2016-10-17T15:23,1,5764,33347,28942,#古香古食#古方红糖姜枣膏。终于赶在冬天之前把我每年都要熬几次的这个温补暖身茶拍出来了。冬天容易手脚冰凉的朋友们一定要收好了！对女生更是好处多多。男生朋友长期喝酒也可以喝一喝养养胃。冬天一杯香香甜甜整个身子都暖了。男女老少皆宜的平价好物 @鲜城 #不可辜负的美食# 李子柒的秒拍视频 <br>,3,0,https://m.weibo.cn/s/video/show?object_id=2017607:642183daa8200119482ec7a84b56bb66&fromWap=1,https://weibo.com/2970452952/EdfKPbFDh,EdfKPbFDh,2020-01-13T11:45:36
2970452952,EDFONABAI,2016-10-17T15:32,2,2924,18259,10655,#古香古食#古方红糖姜枣膏。终于赶在冬天之前把我每年都要熬几次的这个温补暖身茶拍出来了。冬天容易手脚冰凉的朋友们一定要收好了！对女生更是好处多多。男生朋友长期喝酒也可以喝一喝养养胃。冬天一杯香香甜甜整个身子都暖了。男女老少皆宜的平价好物 @鲜城 #不可辜负的美食# 李子柒的秒拍视频 <span class=cmt>,3,0,https://m.weibo.cn/s/video/show?object_id=2017607:642183daa8200119482ec7a84b56bb66&fromWap=1,https://weibo.com/2970452952/EdfOnABai,EdfOnABai,2020-01-13T11:45:36
2970452952,EDJCAAFTC,2017-04-09T19:13,1,9751,38425,14981,#古香古食#<br>漫山的八重樱开到颓靡，<br>又是一年樱花季。<br>不太习惯腌渍樱花的味道，所以用去年做荷花茶的古老法子制成了樱花茶。<br>淡紫色的成茶，口齿留香。<br>或许，值得一试……<br>#想要的生活#@鲜城 李子柒的秒拍视频 <br>,3,0,https://m.weibo.cn/s/video/show?object_id=2017607:6784e2f2a481ce151f49bc2f712d12fa&fromWap=1,https://weibo.com/2970452952/EDJCAaFTc,EDJCAaFTc,2020-01-13T11:45:36
2970452952,EDJIIC1PB,2017-04-09T19:27,2,7966,30116,7212,#古香古食#<br>漫山的八重樱开到颓靡，<br>又是一年樱花季。<br>不太习惯腌渍樱花的味道，所以用去年做荷花茶的古老法子制成了樱花茶。<br>淡紫色的成茶，口齿留香。<br>或许，值得一试……<br>#想要的生活#@鲜城 李子柒的秒拍视频 <span class=cmt>,3,0,https://m.weibo.cn/s/video/show?object_id=2017607:6784e2f2a481ce151f49bc2f712d12fa&fromWap=1,https://weibo.com/2970452952/EDJIic1pb,EDJIic1pb,2020-01-13T11:45:36
2970452952,EEHBBBFDO,2016-10-24T09:56,1,9453,69999,13907,#古香古食#奶奶两个女儿回来看她老人家，家里突然热闹起来，就做了手抓饭。喜欢这种满满一大簸箕食物的感觉！傣菜注重酸香辣，如果吃不惯可以换成任何自己喜欢的食物！比如你喜欢吃小龙虾就摆上满满一桌小龙虾，怎么高兴怎么来，没人管你！#地方美食# @鲜城  #不可辜负的美食# 李子柒的秒拍视频 <br>,3,0,https://m.weibo.cn/s/video/show?object_id=2017607:386a4e435d3ba07b49266b4d463b3ed0&fromWap=1,https://weibo.com/2970452952/EehBBbfdO,EehBBbfdO,2020-01-13T11:45:36
2970452952,EEXEVAY20,2017-04-17T19:42,1,101813,446302,88077,#朝花柒拾#<br> 前些天看到一张漂亮的秋千照片…<br>索性就把老房子拆剩下的木头旧物利用了一下…<br>做了个能遮阳挡雨的沙发床秋千……<br>#想要的生活#@鲜城 鲜城 李子柒的秒拍视频 <br>,3,0,https://m.weibo.cn/s/video/show?object_id=2017607:62f96d33fe431feb17a3f3f4b3c20bcf&fromWap=1,https://weibo.com/2970452952/EEXevay20,EEXevay20,2020-01-13T11:45:36
2970452952,EFGR6CALB,2016-10-30T20:48,1,2788,28926,7685,#古香古食# 橘子红了……摘上几个做橘子罐头吧！甜甜的…水水的…吃上一口美到心里……………（橘皮里的白丝叫“橘络”是一味中药，不嫌苦可以不用去。做好的罐头放几天再吃，刚做好多少有点苦，放几天苦味没了就只剩甜蜜蜜的橘子味儿了……）#不可辜负的美食# @鲜城 李子柒的秒拍视频 <br>,3,0,https://m.weibo.cn/s/video/show?object_id=2017607:f5f2b42a7690853631a7ed718901e685&fromWap=1,https://weibo.com/2970452952/Efgr6CALb,Efgr6CALb,2020-01-13T11:45:36
2970452952,EG2QUSM02,2016-11-05T00:03,1,5643,53120,19053,#古香古食# 很多小馋猫们馋了很久的柚子今天终于把它做喽～～新鲜的蜜柚+自家蜂巢取的蜂蜜，熬至色泽呈琥珀，果肉晶莹剔透，这才算得上完美的蜂蜜柚子茶！！！      （柚子皮：果肉=1:8，果皮内的白瓤去的越干净苦味越少）#不可辜负的美食#  #深夜发美食拉仇恨# @鲜城 李子柒的秒拍视频 <br>,3,0,https://m.weibo.cn/s/video/show?object_id=2017607:63654cf64925a96849ada460ffed754f&fromWap=1,https://weibo.com/2970452952/Eg2QUsM02,Eg2QUsM02,2020-01-13T11:45:36
2970452952,EHTWNLFPR,2016-11-14T10:51,1,26375,122673,22431,#古香古食# 兰州牛肉面，面文化的活化石。专业吃货都懂的，讲究“一清、二白、三红、四绿、五黄”缺一不可。和面、揉面、溜条、任何一个步骤不到位这面就拉不成了！      从明天起，面朝大……哦不对重新来……从明天起，尊重每一碗兰州牛肉面吧！#深夜发美食拉仇恨# @鲜城 李子柒的秒拍视频 <br>,3,0,https://m.weibo.cn/s/video/show?object_id=2017607:60f504ed3cbf70cb7b8d2a2de22849fe&fromWap=1,https://weibo.com/2970452952/EhtWnlFPR,EhtWnlFPR,2020-01-13T11:45:36
2970452952,EHWZN9DC6,2016-11-14T18:37,2,2536,11190,1949,#古香古食# 兰州牛肉面，面文化的活化石。专业吃货都懂的，讲究“一清、二白、三红、四绿、五黄”缺一不可。和面、揉面、溜条、任何一个步骤不到位这面就拉不成了！      从明天起，面朝大……哦不对重新来……从明天起，尊重每一碗兰州牛肉面吧！#深夜发美食拉仇恨# @鲜城 李子柒的秒拍视频 <span class=cmt>,3,0,https://m.weibo.cn/s/video/show?object_id=2017607:60f504ed3cbf70cb7b8d2a2de22849fe&fromWap=1,https://weibo.com/2970452952/EhwZn9dC6,EhwZn9dC6,2020-01-13T11:45:36
2970452952,EJ3BQ379F,2016-11-24T18:25,1,7853,45802,16281,#古香古食# 天冷了哪儿都不想去，就爱围着火堆转…整一个清香四溢的竹筒饭、当米粒和杂蔬裹上腊肠喷香的油脂…来上一口…啧啧啧香哭了………有闲工夫就烧条鱼、再顺便烤俩大红薯…趁着热气儿咬一口又香又甜又暖和…嗯……整个世界都好了………#深夜发美食拉仇恨# @鲜城 李子柒的秒拍视频 <br>,3,0,https://m.weibo.cn/s/video/show?object_id=2017607:ac81971a41a7e90ca88b2bb1e8d26315&fromWap=1,https://weibo.com/2970452952/Ej3bq379f,Ej3bq379f,2020-01-13T11:45:36
2970452952,EJ3VWC6EE,2016-11-24T20:18,2,3658,20006,5404,#古香古食# 天冷了哪儿都不想去，就爱围着火堆转…整一个清香四溢的竹筒饭、当米粒和杂蔬裹上腊肠喷香的油脂…来上一口…啧啧啧香哭了………有闲工夫就烧条鱼、再顺便烤俩大红薯…趁着热气儿咬一口又香又甜又暖和…嗯……整个世界都好了………#深夜发美食拉仇恨# @鲜城 李子柒的秒拍视频 <span class=cmt>,3,0,https://m.weibo.cn/s/video/show?object_id=2017607:ac81971a41a7e90ca88b2bb1e8d26315&fromWap=1,https://weibo.com/2970452952/Ej3VwC6ee,Ej3VwC6ee,2020-01-13T11:45:36
2970452952,EJO9QTYG5,2016-11-29T17:59,1,4744,33906,11220,#古香古食# 记得每年过年前都会有个穿军大衣的老爷爷走乡串户的给每家爆爆米花，走到哪家都会引来一帮小鬼围观…时过境迁……这次用简单的方法把爆米花做成小时候吃过的那种米花糖，以前爷爷总是自己不舍得吃留给我……里面只有花生，香香脆脆的……#深夜发美食拉仇恨# @鲜城 李子柒的秒拍视频 <br>,3,0,https://m.weibo.cn/s/video/show?object_id=2017607:a9712b68b37e74d03c91adf13201c9f1&fromWap=1,https://weibo.com/2970452952/EjO9qtYG5,EjO9qtYG5,2020-01-13T11:45:36
2970452952,EJOCA5POK,2016-11-29T19:11,2,3151,16650,4473,#古香古食# 记得每年过年前都会有个穿军大衣的老爷爷走乡串户的给每家爆爆米花，走到哪家都会引来一帮小鬼围观…时过境迁……这次用简单的方法把爆米花做成小时候吃过的那种米花糖，以前爷爷总是自己不舍得吃留给我……里面只有花生，香香脆脆的……#深夜发美食拉仇恨# @鲜城 李子柒的秒拍视频 <span class=cmt>,3,0,https://m.weibo.cn/s/video/show?object_id=2017607:a9712b68b37e74d03c91adf13201c9f1&fromWap=1,https://weibo.com/2970452952/EjOCA5pOk,EjOCA5pOk,2020-01-13T11:45:36
2970452952,ELDH9FCPM,2016-12-08T23:47,1,5723,42132,15732,#古香古食# 传说中比肉还好吃的荠菜 + 国宴御用牡丹花造型的饺子、好一个色香味俱全！！牡丹花寓意花开富贵，特别适合出现在各种宴席……最最重要的是做法特别简单、手残星人也零失败系列！！快过年了，赶紧学会就可以在亲朋好友面前好好露一小手了……#年度美食大赛# @鲜城 李子柒的秒拍视频 <br>,3,0,https://m.weibo.cn/s/video/show?object_id=2017607:0679ec38abee2287854e33edf5215965&fromWap=1,https://weibo.com/2970452952/Eldh9FCpm,Eldh9FCpm,2020-01-13T11:45:36
2970452952,ELH27497X,2016-12-09T09:21,2,2597,15647,4208,#古香古食# 传说中比肉还好吃的荠菜 + 国宴御用牡丹花造型的饺子、好一个色香味俱全！！牡丹花寓意花开富贵，特别适合出现在各种宴席……最最重要的是做法特别简单、手残星人也零失败系列！！快过年了，赶紧学会就可以在亲朋好友面前好好露一小手了……#年度美食大赛# @鲜城 李子柒的秒拍视频 <span class=cmt>,3,0,https://m.weibo.cn/s/video/show?object_id=2017607:0679ec38abee2287854e33edf5215965&fromWap=1,https://weibo.com/2970452952/Elh27497x,Elh27497x,2020-01-13T11:45:36
2970452952,EMXE1NAD1,2016-12-20T10:36,1,19189,56878,45568,#古香古食# “小雪腌菜，大雪腌肉”，大雪一过，家家户户都开始腌制腊肉。家里几十年做四川腊肉和川味香肠的方子 今天就交给你们了……[爱心]                    (腊肉、香肠都用的10斤猪肉量）#年度美食大赛# @鲜城 李子柒的秒拍视频 <br>,3,0,https://m.weibo.cn/s/video/show?object_id=2017607:bafaa807596498cd5a19fac705af7b49&fromWap=1,https://weibo.com/2970452952/EmXe1nad1,EmXe1nad1,2020-01-13T11:45:36
2970452952,EMXFO4X4E,2016-12-20T11:43,2,11880,19823,12432,#古香古食# “小雪腌菜，大雪腌肉”，大雪一过，家家户户都开始腌制腊肉。家里几十年做四川腊肉和川味香肠的方子 今天就交给你们了……[爱心]                    (腊肉、香肠都用的10斤猪肉量）#年度美食大赛# @鲜城 李子柒的秒拍视频 <span class=cmt>,3,0,https://m.weibo.cn/s/video/show?object_id=2017607:bafaa807596498cd5a19fac705af7b49&fromWap=1,https://weibo.com/2970452952/EmXFo4X4E,EmXFo4X4E,2020-01-13T11:45:36
2970452952,EP5J5P190,2017-01-03T11:55,1,16427,61252,26105,#古香古食# 天寒地冻，来上一锅享誉巴蜀的“盐排骨”可好…?   有鲜肉的鲜，又有腊肉的醇香。大冷天儿的烫壶好酒，围着炉子一边喝汤一边大口啃着香掉牙的肉，此生何求！！   (2017第一条视频，BGM再次用了我最喜欢的@薛之谦 《我好像在哪见过你》 就是喜欢没别的……）#新年美食趴# @鲜城 李子柒的秒拍视频,1,0,,https://weibo.com/2970452952/Ep5J5p190,Ep5J5p190,2020-01-13T11:45:36
2970452952,EP7MFRO6F,2017-01-03T17:08,2,9759,23125,9106,#古香古食# 天寒地冻，来上一锅享誉巴蜀的“盐排骨”可好…?   有鲜肉的鲜，又有腊肉的醇香。大冷天儿的烫壶好酒，围着炉子一边喝汤一边大口啃着香掉牙的肉，此生何求！！   (2017第一条视频，BGM再次用了我最喜欢的@薛之谦 《我好像在哪见过你》 就是喜欢没别的……）#新年美食趴# @鲜城 李子柒的秒拍视频,1,0,,https://weibo.com/2970452952/Ep7MfrO6f,Ep7MfrO6f,2020-01-13T11:45:36
2970452952,EQBFBRWKV,2017-01-13T10:00,2,6584,20696,6212,#古香古食#外面那么冷，在家整一锅地道老四川火锅吧！！！沸腾的清红汤锅底咕嘟咕嘟煮走所有烦恼，简直暖心又暖胃！！！这世上没有什么事情是一顿火锅解决不了的！！！#新年美食趴#@鲜城 <br><br>#新年美食趴# 李子柒的秒拍视频 <span class=cmt>,3,0,https://m.weibo.cn/s/video/show?object_id=2017607:d07aa78d1f66b7f4e180af884f6b3f94&fromWap=1,https://weibo.com/2970452952/EqBfBrwkv,EqBfBrwkv,2020-01-13T11:45:36
2970452952,EQWXLJPBG,2017-01-12T22:00,1,12262,54457,22138,#古香古食#外面那么冷，在家整一锅地道老四川火锅吧！！！沸腾的清红汤锅底咕嘟咕嘟煮走所有烦恼，简直暖心又暖胃！！！这世上没有什么事情是一顿火锅解决不了的！！！#新年美食趴#@鲜城 <br><br>#新年美食趴# 李子柒的秒拍视频 <br>,3,0,https://m.weibo.cn/s/video/show?object_id=2017607:d07aa78d1f66b7f4e180af884f6b3f94&fromWap=1,https://weibo.com/2970452952/EqwxljPbG,EqwxljPbG,2020-01-13T11:45:36
2970452952,ERY5VD3G2,2017-01-22T09:59,1,11410,56905,22711,"#古香古食#   无鱼不成席，年夜饭桌上怎么能少了一条寓意“年年有余”的全鱼呢。 这鱼必须有头有尾，也寓意新的一年“有始有终”    如果还没想好做什么样式，或许可以试试这道酸甜开胃,造型别致的《松鼠鱼》<br><br>（年夜饭菜谱）@鲜城 #年夜饭暴击#<br><br>记得别吃光了余下头尾讨吉祥噢～～ 李子柒的秒拍视频",1,0,,https://weibo.com/2970452952/ErY5vD3g2,ErY5vD3g2,2020-01-13T11:45:36
2970452952,ERYNHWMAO,2017-01-22T10:44,2,4360,17457,6183,"#古香古食#   无鱼不成席，年夜饭桌上怎么能少了一条寓意“年年有余”的全鱼呢。 这鱼必须有头有尾，也寓意新的一年“有始有终”    如果还没想好做什么样式，或许可以试试这道酸甜开胃,造型别致的《松鼠鱼》<br><br>（年夜饭菜谱）@鲜城 #年夜饭暴击#<br><br>记得别吃光了余下头尾讨吉祥噢～～ 李子柒的秒拍视频",1,0,,https://weibo.com/2970452952/ErYnHwmAO,ErYnHwmAO,2020-01-13T11:45:36
2970452952,ESDKOBXIL,2017-01-26T20:02,1,7418,52279,26752,"#古香古食# 年夜饭必杀——花开富贵虾   ，外型像绽放的花儿 ,  虾肉的优质蛋白老少皆宜 , 名字寓意富贵吉祥万分讨喜。就让这朵富贵之花盛开在您家年夜饭的餐桌上吧！！！<br>祝愿所有的你们新年行大运，万事顺心！！<br>#年夜饭暴击# @鲜城 李子柒的秒拍视频 <br>",3,0,https://m.weibo.cn/s/video/show?object_id=2017607:c87bdd7e4919094261b3a775db416947&fromWap=1,https://weibo.com/2970452952/EsDKoBXIL,EsDKoBXIL,2020-01-13T11:45:36
2970452952,ESE3950UP,2017-01-26T20:49,2,3482,18736,7155,"#古香古食# 年夜饭必杀——花开富贵虾   ，外型像绽放的花儿 ,  虾肉的优质蛋白老少皆宜 , 名字寓意富贵吉祥万分讨喜。就让这朵富贵之花盛开在您家年夜饭的餐桌上吧！！！<br>祝愿所有的你们新年行大运，万事顺心！！<br>#年夜饭暴击# @鲜城 李子柒的秒拍视频 <span class=cmt>",3,0,https://m.weibo.cn/s/video/show?object_id=2017607:c87bdd7e4919094261b3a775db416947&fromWap=1,https://weibo.com/2970452952/EsE3950Up,EsE3950Up,2020-01-13T11:45:36
2970452952,EUTGQM3YB,2017-02-07T22:06,2,4508,17844,4266,#古香古食#寒梅花开，就炖一锅益气养胃的梅花当归鸽子汤吧！当归是甘孜老乡送的野生当归，味道很重所以我只放了一点。<br><br>这方子还可以煮梅花当归粥，眼下这个季节正合适。#用美食说爱你#@鲜城 李子柒的秒拍视频 <span class=cmt>,3,0,https://m.weibo.cn/s/video/show?object_id=2017607:9147171427489fad748c1bcf3142d00c&fromWap=1,https://weibo.com/2970452952/EutGqm3yB,EutGqm3yB,2020-01-13T11:45:36
2970452952,EUTNTAWDQ,2017-02-07T21:19,1,7600,30413,10949,#古香古食#寒梅花开，就炖一锅益气养胃的梅花当归鸽子汤吧！当归是甘孜老乡送的野生当归，味道很重所以我只放了一点。<br><br>这方子还可以煮梅花当归粥，眼下这个季节正合适。#用美食说爱你#@鲜城 李子柒的秒拍视频 <br>,3,0,https://m.weibo.cn/s/video/show?object_id=2017607:9147171427489fad748c1bcf3142d00c&fromWap=1,https://weibo.com/2970452952/EutntawDq,EutntawDq,2020-01-13T11:45:36
2970452952,EVGU9DQ38,2017-02-15T20:32,1,11819,57311,27508,#古香古食# 眼下草莓正当时，亲手为自己酿一壶如晨露般清甜的草莓酒吧！<br><br>           （ 视频很红很暴力，打开需谨慎。）<br>#用美食说爱你# @鲜城 李子柒的秒拍视频 <br>,3,0,https://m.weibo.cn/s/video/show?object_id=2017607:4076bcf76165bc925b22478b88e55bc1&fromWap=1,https://weibo.com/2970452952/EvGu9dQ38,EvGu9dQ38,2020-01-13T11:45:36
2970452952,EVGXWAOJP,2017-02-15T20:40,2,9622,27432,9547,#古香古食# 眼下草莓正当时，亲手为自己酿一壶如晨露般清甜的草莓酒吧！<br><br>           （ 视频很红很暴力，打开需谨慎。）<br>#用美食说爱你# @鲜城 李子柒的秒拍视频 <span class=cmt>,3,0,https://m.weibo.cn/s/video/show?object_id=2017607:4076bcf76165bc925b22478b88e55bc1&fromWap=1,https://weibo.com/2970452952/EvGxwaOJP,EvGxwaOJP,2020-01-13T11:45:36
2970452952,EWKB4ASX7,2017-02-22T20:50,1,9583,53172,26838,#古香古食# 给我一碟这样的泡菜，我能吃下三碗白饭！！！有没有人跟我一样，肉可以不吃，没了泡菜日子就过不下去的！！！ <br><br>呶……你们要的四川老坛酸菜在这里了。。。<br>#用美食说爱你#@鲜城 李子柒的秒拍视频 <br>,3,0,https://m.weibo.cn/s/video/show?object_id=2017607:bde736041f2eb9cd98f5c393c9f7ba27&fromWap=1,https://weibo.com/2970452952/EwKB4asX7,EwKB4asX7,2020-01-13T11:45:36
2970452952,EWKPIELXY,2017-02-22T21:26,2,7021,26596,8552,#古香古食# 给我一碟这样的泡菜，我能吃下三碗白饭！！！有没有人跟我一样，肉可以不吃，没了泡菜日子就过不下去的！！！ <br><br>呶……你们要的四川老坛酸菜在这里了。。。<br>#用美食说爱你#@鲜城 李子柒的秒拍视频 <span class=cmt>,3,0,https://m.weibo.cn/s/video/show?object_id=2017607:bde736041f2eb9cd98f5c393c9f7ba27&fromWap=1,https://weibo.com/2970452952/EwKPIeLXy,EwKPIeLXy,2020-01-13T11:45:36
2970452952,EZDXNBAVT,2017-03-13T21:27,1,9252,52110,13609,#古香古食# 小的时候，只有过年过节才能吃上馓子。只加一点盐和鸡蛋做的，却又香又脆吃的停不住嘴！ <br><br> 或许，我门每个人的童年记忆里都有这样一把馓子……#灵魂美食# @鲜城 李子柒的秒拍视频 <br>,3,0,https://m.weibo.cn/s/video/show?object_id=2017607:827baaefa11609862a2aca7c47ce6efb&fromWap=1,https://weibo.com/2970452952/EzDXnBaVT,EzDXnBaVT,2020-01-13T11:45:36
2970452952,EZKYXESAX,2017-03-14T14:15,2,5632,20997,4661,#古香古食# 小的时候，只有过年过节才能吃上馓子。只加一点盐和鸡蛋做的，却又香又脆吃的停不住嘴！ <br><br> 或许，我门每个人的童年记忆里都有这样一把馓子……#灵魂美食# @鲜城 李子柒的秒拍视频 <span class=cmt>,3,0,https://m.weibo.cn/s/video/show?object_id=2017607:827baaefa11609862a2aca7c47ce6efb&fromWap=1,https://weibo.com/2970452952/EzKyxEsAX,EzKyxEsAX,2020-01-13T11:45:36
2970452952,F0WZZGQWT,2017-04-27T22:06,1,13387,49079,22492,#古香古食#<br>呶…<br>你们心心念念的枇杷酒来了……<br>枇杷原汁发酵酿造的枇杷酒要比直接用白酒泡出来的清香甘甜许多…<br>果香浓郁后劲儿足，适合妹纸……<br>#想要的生活# @鲜城 李子柒的秒拍视频 <br>,3,0,https://m.weibo.cn/s/video/show?object_id=2017607:578fc0f4647a36a77fc218c2c6863416&fromWap=1,https://weibo.com/2970452952/F0wZzgqwT,F0wZzgqwT,2020-01-13T11:45:36
2970452952,F0X1AEIPQ,2017-04-27T22:10,2,9088,28903,8497,#古香古食#<br>呶…<br>你们心心念念的枇杷酒来了……<br>枇杷原汁发酵酿造的枇杷酒要比直接用白酒泡出来的清香甘甜许多…<br>果香浓郁后劲儿足，适合妹纸……<br>#想要的生活# @鲜城 李子柒的秒拍视频 <span class=cmt>,3,0,https://m.weibo.cn/s/video/show?object_id=2017607:578fc0f4647a36a77fc218c2c6863416&fromWap=1,https://weibo.com/2970452952/F0x1aeipQ,F0x1aeipQ,2020-01-13T11:45:36
2970452952,F28IB1BHF,2017-05-08T11:59,1,16632,83247,22989,#古香古食# <br>每日早晨露水未干之时将花摘下，<br>去尘  入糖  揉搓  再以蜜封坛…<br>余下的，便交给时间……<br><br>大马士革玫瑰鲜花和温补的手工红糖经过发酵，<br>就成了女人最好的礼物……<br>—— 真.玫瑰酱 #跟我学做菜#@鲜城 李子柒的秒拍视频 <br>,3,0,https://m.weibo.cn/s/video/show?object_id=2017607:c45cac46d2f2108f0d9d3956614f4483&fromWap=1,https://weibo.com/2970452952/F28IB1bhf,F28IB1bhf,2020-01-13T11:45:36
2970452952,F28KHXYWQ,2017-05-08T12:04,2,11315,37016,9139,#古香古食# <br>每日早晨露水未干之时将花摘下，<br>去尘  入糖  揉搓  再以蜜封坛…<br>余下的，便交给时间……<br><br>大马士革玫瑰鲜花和温补的手工红糖经过发酵，<br>就成了女人最好的礼物……<br>—— 真.玫瑰酱 #跟我学做菜#@鲜城 李子柒的秒拍视频 <span class=cmt>,3,0,https://m.weibo.cn/s/video/show?object_id=2017607:c45cac46d2f2108f0d9d3956614f4483&fromWap=1,https://weibo.com/2970452952/F28KHxywQ,F28KHxywQ,2020-01-13T11:45:36
2970452952,F2UNTHBKB,2017-05-13T14:23,1,26818,191177,9505,爱我的人，谢谢你。<br><br>#朝花柒拾# 李子柒的秒拍视频 <br>,3,0,https://m.weibo.cn/s/video/show?object_id=2017607:3c09d949ec27b2ff91d5048052eaa213&fromWap=1,https://weibo.com/2970452952/F2UNthbKB,F2UNthbKB,2020-01-13T11:45:36
2970452952,F3FIV7PNH,2017-05-18T13:51,2,5018,52052,1042,爱我的人，谢谢你。<br><br>#朝花柒拾# 李子柒的秒拍视频 <span class=cmt>,3,0,https://m.weibo.cn/s/video/show?object_id=2017607:3c09d949ec27b2ff91d5048052eaa213&fromWap=1,https://weibo.com/2970452952/F3FIV7pnh,F3FIV7pnh,2020-01-13T11:45:36
2970452952,F4J7HSQA8,2017-05-25T12:21,1,19514,134864,55487,小时候每到这个季节就喜欢去山上疯，满山跑来跑去摘树莓、覆盆子，边摘边吃，吃的满身树莓汁加一嘴乌黑，心里还美的不要不要的，回家就是一顿打，挨完还得自个儿去洗脸洗衣服……满眼都是回忆……只是小时候不知道这玩意儿还能做成香香甜甜的树莓酱！<br>#美食红人周# @鲜城 #古香古食# 李子柒的秒拍视频,1,0,,https://weibo.com/2970452952/F4J7Hsqa8,F4J7Hsqa8,2020-01-13T11:45:36
2970452952,F4J95RLTH,2017-05-25T12:24,2,13289,41384,13277,小时候每到这个季节就喜欢去山上疯，满山跑来跑去摘树莓、覆盆子，边摘边吃，吃的满身树莓汁加一嘴乌黑，心里还美的不要不要的，回家就是一顿打，挨完还得自个儿去洗脸洗衣服……满眼都是回忆……只是小时候不知道这玩意儿还能做成香香甜甜的树莓酱！<br>#美食红人周# @鲜城 #古香古食# 李子柒的秒拍视频,1,0,,https://weibo.com/2970452952/F4J95rLTH,F4J95rLTH,2020-01-13T11:45:36
2970452952,F4RWWSCNY,2017-05-23T16:37,1,39474,171732,54956,记得小时侯随便在河坝里折根黄荆条子都能钓到很多小龙虾的日子吗？钓到的小虾子拿回家让爷爷做出一大锅垂涎欲滴的香辣小龙虾……一顿狼吞虎咽后摸着圆滚滚的肚皮、看着眼前小山似的龙虾壳打个饱嗝……便是最幸福的日子！！#美食红人周# <br>@鲜城  #古香古食#  <br>（试拍的样片，给你们先看下……） 动物小丑啧f的秒拍视频,1,0,,https://weibo.com/2970452952/F4rWWsCnY,F4rWWsCnY,2020-01-13T11:45:36
2970452952,F4S05BGPQ,2017-05-23T16:45,2,11581,42037,13608,记得小时侯随便在河坝里折根黄荆条子都能钓到很多小龙虾的日子吗？钓到的小虾子拿回家让爷爷做出一大锅垂涎欲滴的香辣小龙虾……一顿狼吞虎咽后摸着圆滚滚的肚皮、看着眼前小山似的龙虾壳打个饱嗝……便是最幸福的日子！！#美食红人周# <br>@鲜城  #古香古食#  <br>（试拍的样片，给你们先看下……） 动物小丑啧f的秒拍视频,1,0,,https://weibo.com/2970452952/F4s05bgPQ,F4s05bgPQ,2020-01-13T11:45:36
2970452952,F56NZEZDA,2017-05-27T23:33,1,38320,188685,68848,。<br>过几天要参加一个活动。<br>于是染了块布，<br>做了件儿衣裳……<br><br>#美食红人周# @鲜城 <br><br>#朝花柒拾# 李子柒的秒拍视频 <br>,3,0,https://m.weibo.cn/s/video/show?object_id=2017607:a4eb25b063ee8dd2cf09b45d90edd82e&fromWap=1,https://weibo.com/2970452952/F56nzeZdA,F56nzeZdA,2020-01-13T11:45:36
2970452952,F56RMS30U,2017-05-27T23:43,2,8958,50012,8179,。<br>过几天要参加一个活动。<br>于是染了块布，<br>做了件儿衣裳……<br><br>#美食红人周# @鲜城 <br><br>#朝花柒拾# 李子柒的秒拍视频 <span class=cmt>,3,0,https://m.weibo.cn/s/video/show?object_id=2017607:a4eb25b063ee8dd2cf09b45d90edd82e&fromWap=1,https://weibo.com/2970452952/F56rMs30U,F56rMs30U,2020-01-13T11:45:36
2970452952,F7BNI9TAK,2017-06-10T17:01,1,20388,85527,19657,#古香古食# 每到插秧的季节，漫山遍野的覆盆子一串串熟的正好。这些野果子就成了我们农村孩子的小零食支撑着整个童年，现在回想起来也都还是乐趣满满。<br>而覆盆子除了味道酸甜可口之外，药用价值也是极高。所以用来酿酒再好不过了。 <br><br>#理想的生活# @鲜城 李子柒的秒拍视频 <br>,3,0,https://m.weibo.cn/s/video/show?object_id=2017607:8599f2248e8090f13eb84bfd684da202&fromWap=1,https://weibo.com/2970452952/F7bNi9Tak,F7bNi9Tak,2020-01-13T11:45:36
2970452952,F7BZUZFAX,2017-06-10T17:31,2,6962,34904,5467,#古香古食# 每到插秧的季节，漫山遍野的覆盆子一串串熟的正好。这些野果子就成了我们农村孩子的小零食支撑着整个童年，现在回想起来也都还是乐趣满满。<br>而覆盆子除了味道酸甜可口之外，药用价值也是极高。所以用来酿酒再好不过了。 <br><br>#理想的生活# @鲜城 李子柒的秒拍视频 <span class=cmt>,3,0,https://m.weibo.cn/s/video/show?object_id=2017607:8599f2248e8090f13eb84bfd684da202&fromWap=1,https://weibo.com/2970452952/F7bZuzFAx,F7bZuzFAx,2020-01-13T11:45:36
2970452952,F83Q2XMCH,2017-06-16T09:32,1,7287,36548,354,我想试试用榴莲酿酒[微笑] src=//h5.sinaimg.cn/m/emoticon/icon/default/d_hehe-039d0a6a8a.png style=width:1em; height:1em;> <br>,1,0,,https://weibo.com/2970452952/F83q2xmcH,F83q2xmcH,2020-01-13T11:45:36
2970452952,F91I4ZR4J,2017-06-22T17:57,1,20292,79873,22436,#古香古食#<br>这一定是我近几年来吃过最好吃的鱼 ！<br>没有之一 ！！<br>———《火焰醉鱼》<br><br>吃上两口被酒气醉醺到干香的鱼肉，<br>再小酌两杯新酿的覆盆子酒……<br>劳资现在就是很舒坦！！！ <br><br>#理想的生活# @鲜城 李子柒的秒拍视频 <br>,3,0,https://m.weibo.cn/s/video/show?object_id=2017607:334fe8ae4e4cbb92aff8909f8792c099&fromWap=1,https://weibo.com/2970452952/F91i4zR4j,F91i4zR4j,2020-01-13T11:45:36
2970452952,F91L8GIA4,2017-06-22T18:04,2,7367,32430,6282,#古香古食#<br>这一定是我近几年来吃过最好吃的鱼 ！<br>没有之一 ！！<br>———《火焰醉鱼》<br><br>吃上两口被酒气醉醺到干香的鱼肉，<br>再小酌两杯新酿的覆盆子酒……<br>劳资现在就是很舒坦！！！ <br><br>#理想的生活# @鲜城 李子柒的秒拍视频 <span class=cmt>,3,0,https://m.weibo.cn/s/video/show?object_id=2017607:334fe8ae4e4cbb92aff8909f8792c099&fromWap=1,https://weibo.com/2970452952/F91l8gIA4,F91l8gIA4,2020-01-13T11:45:36
2970452952,FAEPS6OGU,2017-06-30T17:12,1,19243,87584,29182,#古香古食# <br>小时候每到夏天，<br>家里绝对少不了的日常就是‘‘种豆芽”。<br>刨个坑儿浇点水，撒上豆子盖上盖儿。<br>剩下的，就交给时间啦～～<br>简单到手残星人都会感激涕零的法子，<br>要不要一起试试？ 李子柒的秒拍视频 <br>,3,0,https://m.weibo.cn/s/video/show?object_id=2017607:b2b8a154d82240e8020ccbecca3ad8c4&fromWap=1,https://weibo.com/2970452952/FaepS6ogu,FaepS6ogu,2020-01-13T11:45:36
2970452952,FAERGLD2X,2017-06-30T17:16,2,10638,46522,10047,#古香古食# <br>小时候每到夏天，<br>家里绝对少不了的日常就是‘‘种豆芽”。<br>刨个坑儿浇点水，撒上豆子盖上盖儿。<br>剩下的，就交给时间啦～～<br>简单到手残星人都会感激涕零的法子，<br>要不要一起试试？ 李子柒的秒拍视频 <span class=cmt>,3,0,https://m.weibo.cn/s/video/show?object_id=2017607:b2b8a154d82240e8020ccbecca3ad8c4&fromWap=1,https://weibo.com/2970452952/FaerGld2X,FaerGld2X,2020-01-13T11:45:36
2970452952,FB1GUDM7H,2017-12-23T21:22,1,56361,283138,48554,小时候我们管这玩意儿叫“鼻涕果”。那会儿吧，一到果子落地的时节，起床裤子一提的头件事儿就是奔老屋后捡酸枣吃。估计是那时没什么零食，就觉得这果儿酸酸甜甜的不能再好吃了！现在？呵…条件越好越矫情，觉得酸了，只得加些冰糖粉做成酸枣糕喽～<br><br>#朝花柒拾# 李子柒的秒拍视频 <br>,3,0,https://m.weibo.cn/s/video/show?object_id=2017607:63e3e55bc4b8c0715ec55c73054bcf73&fromWap=1,https://weibo.com/2970452952/FB1gUDm7h,FB1gUDm7h,2020-01-13T11:45:36
2970452952,FBTPW8OHO,2017-07-08T21:13,1,22267,119409,22040,想着小时候每到这个季节，<br>奶奶就回用石磨推很多嫩玉米浆，<br>烙出香到流口水的新鲜玉米饼。 <br>这种用柴火慢烙出焦黄焦黄的玉米饼，<br>你有多久没吃过了？<br>#古香古食# 李子柒的秒拍视频 <br>,3,0,https://m.weibo.cn/s/video/show?object_id=2017607:c734660972cef15f3171a40724baf2bd&fromWap=1,https://weibo.com/2970452952/Fbtpw8oHo,Fbtpw8oHo,2020-01-13T11:45:36
2970452952,FBTRMPKGW,2017-07-08T21:17,2,8846,44827,6135,想着小时候每到这个季节，<br>奶奶就回用石磨推很多嫩玉米浆，<br>烙出香到流口水的新鲜玉米饼。 <br>这种用柴火慢烙出焦黄焦黄的玉米饼，<br>你有多久没吃过了？<br>#古香古食# 李子柒的秒拍视频 <span class=cmt>,3,0,https://m.weibo.cn/s/video/show?object_id=2017607:c734660972cef15f3171a40724baf2bd&fromWap=1,https://weibo.com/2970452952/FbtrmpKgw,FbtrmpKgw,2020-01-13T11:45:36
2970452952,FCFUYDVOT,2018-01-01T00:30,1,8895,130522,851,嗯，看到了。<br>哭成了狗……<br>太多的话哽在心里，<br>说不出，也不知能从哪说起…<br>只有一句感谢，<br>一句祝福…<br>愿所有的你们在今后的日子里，<br>一切平安、健康、快乐、幸福…<br>仅此足矣…… <br>,1,0,,https://weibo.com/2970452952/FCfUYDvoT,FCfUYDvoT,2020-01-13T11:45:36
2970452952,FCOBC5KPT,2017-07-14T21:44,1,31435,146756,38646,去年那花，去年那人<br>还有去年那首歌…<br>弹指刹那，一年了……<br>我这儿酿的有清香甘甜的荷花酒，<br>你有故事吗？<br>#古香古食# 李子柒的秒拍视频 <br>,3,0,https://m.weibo.cn/s/video/show?object_id=2017607:8c01be6a8095694c3f819eec86e4ee2e&fromWap=1,https://weibo.com/2970452952/Fcobc5KPt,Fcobc5KPt,2020-01-13T11:45:36
2970452952,FCODB0G2L,2017-07-14T21:49,2,11487,59226,9903,去年那花，去年那人<br>还有去年那首歌…<br>弹指刹那，一年了……<br>我这儿酿的有清香甘甜的荷花酒，<br>你有故事吗？<br>#古香古食# 李子柒的秒拍视频 <span class=cmt>,3,0,https://m.weibo.cn/s/video/show?object_id=2017607:8c01be6a8095694c3f819eec86e4ee2e&fromWap=1,https://weibo.com/2970452952/Fcodb0G2L,Fcodb0G2L,2020-01-13T11:45:36
2970452952,FDBPLRXLC,2017-07-22T21:15,1,33601,103463,34131,又到了吃菌子的季节！<br>雨季过后，大山深处的白蚁窝下，这种比松茸还要美味的鸡枞菌就破土而出啦！新鲜的鸡枞菌加入青花椒和辣椒碎，熬成上好的鸡枞油。吃面的时候淋上两勺子，你会瞬间明白什么叫做好！吃！的！想！哭！！！<br>#古香古食# 李子柒的秒拍视频 <br>,3,0,https://m.weibo.cn/s/video/show?object_id=2017607:293177b0f10612c70e401b5e3f87cbec&fromWap=1,https://weibo.com/2970452952/FdBplrxlC,FdBplrxlC,2020-01-13T11:45:36
2970452952,FDBR5JANW,2017-07-22T21:19,2,14604,48781,11922,又到了吃菌子的季节！<br>雨季过后，大山深处的白蚁窝下，这种比松茸还要美味的鸡枞菌就破土而出啦！新鲜的鸡枞菌加入青花椒和辣椒碎，熬成上好的鸡枞油。吃面的时候淋上两勺子，你会瞬间明白什么叫做好！吃！的！想！哭！！！<br>#古香古食# 李子柒的秒拍视频 <span class=cmt>,3,0,https://m.weibo.cn/s/video/show?object_id=2017607:293177b0f10612c70e401b5e3f87cbec&fromWap=1,https://weibo.com/2970452952/FdBr5jANW,FdBr5jANW,2020-01-13T11:45:36
2970452952,FEBZ8EJIW,2018-01-13T18:10,1,125937,352408,113570,转眼都过了三九，再不做腊肉怕是过年都没得吃！一直嘴馋湖南的腊味合蒸，所以今年又多腌了些腊鸡腊鱼。把晾干的各种腊肉切块一并上锅蒸了，再用蒸肉的汤汁炝一盘青菜，啧啧…有多好吃就不形容了！反正又是一期最后差点跟摄影师打架的视频……<br><br>#朝花柒拾# 李子柒的秒拍视频 <br>,3,0,https://m.weibo.cn/s/video/show?object_id=2017607:49216c4209abbd22058b8cf6d4d7de09&fromWap=1,https://weibo.com/2970452952/FEbZ8eJIw,FEbZ8eJIw,2020-01-13T11:45:36
2970452952,FEVBCDZAR,2017-07-28T19:15,1,29093,120986,43961,#古香古食#<br><br>川菜之魂——豆瓣酱。<br><br>#理想的生活季#<br>@鲜城 李子柒的秒拍视频 <br>,3,0,https://m.weibo.cn/s/video/show?object_id=2017607:09b2c0c0f707581861e87213c84148a7&fromWap=1,https://weibo.com/2970452952/FevbCDZaR,FevbCDZaR,2020-01-13T11:45:36
2970452952,FEVH96FYJ,2017-07-28T19:28,2,23983,69056,19752,#古香古食#<br><br>川菜之魂——豆瓣酱。<br><br>#理想的生活季#<br>@鲜城 李子柒的秒拍视频 <span class=cmt>,3,0,https://m.weibo.cn/s/video/show?object_id=2017607:09b2c0c0f707581861e87213c84148a7&fromWap=1,https://weibo.com/2970452952/Fevh96fyJ,Fevh96fyJ,2020-01-13T11:45:36
2970452952,FFJLFFMWS,2018-01-23T21:59,1,48886,316050,30133,小孩小孩你别馋，<br>过了腊八就是年……<br><br>一年到头，<br>又到每年煮腊八粥的时候了…… <br>#朝花柒拾# 李子柒的秒拍视频 <br>,3,0,https://m.weibo.cn/s/video/show?object_id=2017607:6081bdeb58d24bc065234b4f867de4ea&fromWap=1,https://weibo.com/2970452952/FFJLffmwS,FFJLffmwS,2020-01-13T11:45:36
2970452952,FGEWTAXGH,2017-08-11T22:43,1,40857,170098,30359,#古香古食# 在海拔3000米之上的赤松树下，生长着一种如精灵般的食材------松茸。这种营养价值极高、且有着特殊浓香的食用菌到现在都无法人工培育，弥足珍贵。<br>从《炭烤松茸》到《松茸鸡汤》再到《松茸酒》……用最虔诚的仪式感烹饪最珍贵的食材！ 李子柒的秒拍视频 <br>,3,0,https://m.weibo.cn/s/video/show?object_id=2017607:1ac89a4348b5b3346f91d7c8cb926d1f&fromWap=1,https://weibo.com/2970452952/FgEwTaxGH,FgEwTaxGH,2020-01-13T11:45:36
2970452952,FHIFCTPQ7,2017-08-18T22:00,1,40737,183079,31488,#古香古食#<br>黄桃终于熟啦！<br>夏日傍晚，来那么一罐冰镇的黄桃罐头，<br>甜丝丝，香蜜蜜，冰冰凉……<br>谁跟我抢跟谁急！！！！<br>#厨房的诱惑# @鲜城 李子柒的秒拍视频 <br>,3,0,https://m.weibo.cn/s/video/show?object_id=2017607:3479c01458cf4941863f0d833faa9396&fromWap=1,https://weibo.com/2970452952/FhIfctPQ7,FhIfctPQ7,2020-01-13T11:45:36
2970452952,FIRANURZ2,2017-08-26T11:38,1,26551,158863,26080,#七夕节#又称“乞巧节”，古人通常在这一天里吃巧果，偷听牛郎织女天河夜话。姑娘们则会在夜里向织女许愿乞求心灵手巧，故称“乞巧”。去年做了巧食，今年就教大家做同样是七夕传统美食的《巧酥》。外皮酥层入口即化，紫薯内馅香甜有嚼劲，不止是好看那么简单<br>#古香古食# #厨房的诱惑# @鲜城 李子柒的秒拍视频,1,0,,https://weibo.com/2970452952/FiRANurZ2,FiRANurZ2,2020-01-13T11:45:36
2970452952,FJQ88ALXI,2017-09-01T21:45,1,31720,211676,35947,想起那年伞下轻拥，<br>宛如豆蔻枝头温柔的旧梦…<br>这故事若拿来下酒，怕是比酒还要苦……<br>荷叶又黄、<br>今天就不喝了，吃茶…<br>#古香古食# 李子柒的秒拍视频 <br>,3,0,https://m.weibo.cn/s/video/show?object_id=2017607:7e34f46d181995e61ebf3704134056a7&fromWap=1,https://weibo.com/2970452952/FjQ88ALXI,FjQ88ALXI,2020-01-13T11:45:36
2970452952,FLTOEFPR6,2017-09-12T16:38,1,120697,493923,137885,《红楼梦》中宝玉做胭脂时说：“这是上好的胭脂拧出汁子来，淘澄净了，配了花露蒸成的。只要细簪子挑上一点儿，抹在唇 上，足够了”<br><br>今天咱们也做做这古法纯天然的口红纸，胭脂膏、眉黛膏呗！<br><br>#古香古食# #古香古色# 李子柒的秒拍视频 <br>,3,0,https://m.weibo.cn/s/video/show?object_id=2017607:0d818628d1f5a36bc5744b691fe1cef5&fromWap=1,https://weibo.com/2970452952/FltOEFPR6,FltOEFPR6,2020-01-13T11:45:36
2970452952,FN9NV9KKU,2017-09-23T17:20,1,57718,200697,48353,看书追剧必备小零食－－《麻辣手撕牛肉干》。<br>小火秘卤，熬好的香料油慢火煸香<br>一根根撕开的牛肉慢慢咬，口齿留香！<br>完全停不下来……<br>自己做安全无添加，给孩子吃也完全放心！<br>#古香古食# 李子柒的秒拍视频 <br>,3,0,https://m.weibo.cn/s/video/show?object_id=2017607:90cf21782249f05efc21cfacafcdd9f8&fromWap=1,https://weibo.com/2970452952/Fn9Nv9KkU,Fn9Nv9KkU,2020-01-13T11:45:36
2970452952,FOYY71DFH,2017-10-02T23:16,1,41269,187752,30198,又是一年团圆佳节，<br>今年做了苏式鲜肉月饼。<br>外皮酥脆，肉汁丰腴鲜香。一嘴咬下满口香…<br>再抿上两小盅桂花酒，啧啧……<br>哪还管它个什么悲欢离合，阴晴圆缺！<br><br>#古香古食# #2017中秋# #理想的生活季# @鲜城 李子柒的秒拍视频 <br>,3,0,https://m.weibo.cn/s/video/show?object_id=2017607:ed6b8e5521c7542922d59e2a6fec6c32&fromWap=1,https://weibo.com/2970452952/FoyY71DfH,FoyY71DfH,2020-01-13T11:45:36
2970452952,FQDMTZKLJ,2017-10-13T21:01,1,50857,288567,37690,又该挖芋头了。<br>小时候老太爷总爱做芋头饭给我吃。那时候粮食精贵，大人们就把什么芋头，豆角，南瓜，红薯这些蔬菜炒炒和米饭一并焖熟吃，这样就可以把省下来的稻谷卖成钱给家里的小祖宗们缴学费……<br>如今我能做出更香更美味的芋头饭了，<br>只是最先教我煮这碗饭的人已经不在…… <br><br>珍惜身边人，多回家看看。<br>#古香古食# 李子柒的秒拍视频,1,0,,https://weibo.com/2970452952/FqdMTzklJ,FqdMTzklJ,2020-01-13T11:45:36
2970452952,FRGZ05YAI,2017-10-20T17:55,1,95383,323942,95709,秋风起，<br>每年这个时候我都会做些阿胶固元膏囤着过冬。<br>香香甜甜的好吃又营养，<br>天知道这个宝贝对女孩子有多好！<br>冬天容易手脚冰凉的小朋友一定要收好哦～<br>#古香古食# #理想的生活季#@鲜城 李子柒的秒拍视频 <br>,3,0,https://m.weibo.cn/s/video/show?object_id=2017607:e8cfd287e733d326f72c5c8ab20a3142&fromWap=1,https://weibo.com/2970452952/Frgz05yaI,Frgz05yaI,2020-01-13T11:45:36
2970452952,FSTMERO9X,2017-10-28T17:24,1,81205,251436,67731,#古香古食#<br><br>卤水点豆腐，一物降一物？<br><br>收豆子的季节，<br>自己在家也能做豆腐！<br><br>简单粗暴的操作，<br>赶紧学会好在老妈面前得瑟一手！<br>毕竟谁还不是个心灵手巧的宝宝了？ 李子柒的秒拍视频 <br>,3,0,https://m.weibo.cn/s/video/show?object_id=2017607:75488155a076812186696f4cc01666bb&fromWap=1,https://weibo.com/2970452952/FstMerO9X,FstMerO9X,2020-01-13T11:45:36
2970452952,FVGZBBUD4,2017-11-18T19:29,1,58775,325009,39906,手工造纸的起源最早可追溯到公元前2世纪时的西汉初年，那时我们的祖先便开始用麻皮和树皮制成最原始的纸张。在这个已经拥有了大量机械化生产纸张的年代，但愿我们还能知晓祖先们是怎样用一双手，让中国成为了世界上最早发明纸的国家！<br>#古香古食#<br>#朝花柒拾# 李子柒的秒拍视频 <br>,3,0,https://m.weibo.cn/s/video/show?object_id=2017607:a3317691973a4357aea0d83915d281b1&fromWap=1,https://weibo.com/2970452952/FvGzBBUD4,FvGzBBUD4,2020-01-13T11:45:36
2970452952,FXNK6BXLN,2017-12-02T16:21,1,77539,339634,71453,初雪寒夜，<br>围着热乎乎的灶台，煮上一锅喷香的柴火鸡！<br>大口吃肉，小口酌酒。<br>啧～～<br>哪还管它个孰是孰非……<br>爱特么谁谁！！！<br>#朝花柒拾# 李子柒的秒拍视频 <br>,3,0,https://m.weibo.cn/s/video/show?object_id=2017607:33e5d311a379cc40ed62eac678e528a1&fromWap=1,https://weibo.com/2970452952/FxNk6BxLn,FxNk6BxLn,2020-01-13T11:45:36
2970452952,FZWWLCTKW,2017-12-16T19:26,1,58779,339340,46132,或许每个人的记忆里都有一双带着温暖的千层底儿。<br>儿时，我也一直穿着奶奶用旧衣服做的千层底布鞋长大…<br>如今的我们，已经有了各式各样的漂亮鞋子，<br>这双做工繁琐、<br>样子又老旧的粗布鞋也渐渐被藏进了回忆里………<br>#朝花柒拾# 李子柒的秒拍视频 <br>,3,0,https://m.weibo.cn/s/video/show?object_id=2017607:82b4e0deb7f5069230bad6748d2e5961&fromWap=1,https://weibo.com/2970452952/FzWwlcTkW,FzWwlcTkW,2020-01-13T11:45:36
2970452952,G1FZG214J,2018-02-02T14:19,1,88847,362006,86929,坛启荤香飘四邻，<br>        佛闻弃禅跳墙来！<br><br>年夜饭来一坛硬菜<br>                     ----《佛跳墙》<br>#朝花柒拾# 李子柒的秒拍视频 <br>,3,0,https://m.weibo.cn/s/video/show?object_id=2017607:bb302a316dc874eb2a808ece4728b2ec&fromWap=1,https://weibo.com/2970452952/G1fzg214J,G1fzg214J,2020-01-13T11:45:36
2970452952,G2WEVOWP8,2018-02-10T22:35,1,156342,923562,128633,去年夏时，我姐让我做的面包窑，近来得闲终于整出一个。其实面包窑在国外已经非常普及，只是在国内做的人不多。窑烤的面包外皮酥脆.内里香软，带着炭火的香气和温度。吃过，便能晓得幸福是什么味道……<br>#朝花柒拾# 李子柒的秒拍视频 <br>,3,0,https://m.weibo.cn/s/video/show?object_id=2017607:ee49c4e28e17fc15dd49b35061ad2778&fromWap=1,https://weibo.com/2970452952/G2wevowP8,G2wevowP8,2020-01-13T11:45:36
2970452952,G3GVQW0UD,2018-02-15T21:27,1,108246,537879,98224,过年啦！！！本来还想录个彩蛋，奈何屁股痛的实在没心情……只有在这里跟大家说声过年好喽！然而我自己一点都不好，打了六针屁股针感冒也没效果！白疼了……就在重感冒和屁股疼的情况下好赶慢赶终于赶出来了这个视频，有点长，能看完的绝对是真爱。新年快乐小犊子们！！#朝花柒拾# 李子柒的秒拍视频 <br>,3,0,https://m.weibo.cn/s/video/show?object_id=2017607:2c3a831d91e47fa8d95e12910eaa0446&fromWap=1,https://weibo.com/2970452952/G3gVqw0ud,G3gVqw0ud,2020-01-13T11:45:36
2970452952,G7FADX4IS,2018-03-16T19:35,1,51356,318899,43287,突如其来的倒春寒似乎凝结了时间，花才开到一半。<br>这可能是今年寒冬来临之前的最后一场雪，<br>遇一场，少一场……<br>曾在山上的客栈吃过这道《古法焖雪水鱼》<br>雪水鱼、老茶汤、老坛泡菜、再用焖好的汤汁拌个面……<br>告别这场桃花雪…<br><br> #厨房的诱惑# #大v私房菜# #朝花柒拾# 李子柒的秒拍视频 <br>,3,0,https://m.weibo.cn/s/video/show?object_id=2017607:fc0fdb2109aac3551c1bb85890e16b62&fromWap=1,https://weibo.com/2970452952/G7FAdx4iS,G7FAdx4iS,2020-01-13T11:45:36
2970452952,G9YHUJYSW,2018-03-31T22:53,1,48277,315535,40601,还没回过神，万物皆醒。<br><br>青草萌芽，花开有声……<br><br>趁着有花的季节，咱们吃花吧！<br>#朝花柒拾#<br>（注：桃花不可多食、孕妈妈忌用） 李子柒的秒拍视频 <br>,3,0,https://m.weibo.cn/s/video/show?object_id=2017607:46ab777af931a2fe58ba4af2f8c847ec&fromWap=1,https://weibo.com/2970452952/G9YhUjYSW,G9YhUjYSW,2020-01-13T11:45:36
2970452952,GAYRBCFYO,2018-09-22T19:47,1,91055,524385,100867,老早就想买一套沙发，看得上眼的都得万把块。上个礼拜翻到爷爷以前做的竹沙发，就想动手做一套！这个季节砍竹子做背篓 椅子 蚕架都不会生蛀虫。背篓 扇子 簸箕都做过就是没做过沙发，整了很多冤枉。好在最后一整套的罗汉床，太妃椅，茶几都折腾出来了，开心开心，来自省钱达人的微笑～[doge] src=//h5.sinaimg.cn/m/emoticon/icon/others/d_doge-861403219c.png style=width:1em; height:1em;> 李子柒的秒拍视频,1,0,,https://weibo.com/2970452952/GAyRBcfYO,GAyRBcfYO,2020-01-13T11:45:36
2970452952,GBUL1FDR3,2018-04-13T17:34,1,104365,556435,103443,姑父祖上老宅拆建时留下的古门板，听他说至少有百年，历经岁月长河的老木头竟然没被完全风化，感觉太不可思议…所以去年第一眼看到时就厚着脸皮讨了过来…这次想给卫生间做洗漱台的时候刚好派上大用场……… <br><br>#古香古色# 李子柒的秒拍视频 <br>,3,0,https://m.weibo.cn/s/video/show?object_id=2017607:1c69ca213ba251eab4e73ad348e14e11&fromWap=1,https://weibo.com/2970452952/GbUL1FDr3,GbUL1FDr3,2020-01-13T11:45:36
2970452952,GCHR57WL9,2018-10-06T21:17,1,74716,253837,65130,又见满山红，<br>一颗颗小果子染遍了秋。<br>摘上一背篓涩柿子，<br>削皮 晾干<br>美味的吊柿饼今年就又有了～<br>#朝花柒拾# 李子柒的秒拍视频 <br>,3,0,https://m.weibo.cn/s/video/show?object_id=1034:4292233667493111&fromWap=1,https://weibo.com/2970452952/GCHr57wL9,GCHr57wL9,2020-01-13T11:45:36
2970452952,GE330YT1M,2018-04-27T18:21,1,56578,336867,43284,奶奶说我很小的时候，也是这个季节。因为闹着要吃刺龙苞被我爹胖揍过一顿！挨揍了也不管事还能使劲哭！最后我爹怕把我揍坏了还真上山去给找了这种野菜回来……实话是，这些事情我已经完全没印象，更不记得那盘菜是什么味道。只是老人经常提起，所以当做念想罢…24年了，他应该也挺好的吧………<br>李子柒的秒拍视频,1,0,,https://weibo.com/2970452952/Ge330yT1m,Ge330yT1m,2020-01-13T11:45:36
2970452952,GEDS8FHFR,2018-10-16T20:38,1,74748,428086,70266,中国是世界上最早发明养蚕缫丝的国家，<br>而丝绸也是东方古老文化的象征。<br>从小我们家里都有养蚕，<br>看着快要过冬了，<br>把这季晚秋蚕的双宫茧拿来做床被子，<br>给奶奶过冬！！<br>#朝花柒拾# 李子柒的秒拍视频 <br>,3,0,https://m.weibo.cn/s/video/show?object_id=1034:4295846402151284&fromWap=1,https://weibo.com/2970452952/GEds8FhfR,GEds8FhfR,2020-01-13T11:45:36
2970452952,GEWYJ8Z2H,2018-10-18T22:20,1,45169,253704,44514,入冬后，寒气渐浓…<br>嘴馋了，就惦记一口肉、一口辣<br>好拌牛肉酱，做酱二十年老师傅配制配方<br>鲜香回辣，封存了整座山间的野味<br>来碗清汤面浇上超大块牛肉的酱料<br>滋溜一碗下肚，全身都暖了<br>【转发评论加购中抽277个柒家人免单本产品】#朝花柒拾#辣而不燥香而不腻，李子柒好拌牛肉酱。高山小黄牛肉用鸡油爆香，添加野生松茸，味道够野！ 李子柒的秒拍视频 <br>,3,0,https://m.weibo.cn/s/video/show?object_id=1034:4296598147260442&fromWap=1,https://weibo.com/2970452952/GEwYj8Z2H,GEwYj8Z2H,2020-01-13T11:45:36
2970452952,GF8ZTOGGX,2018-05-04T22:15,1,59161,339273,44172,豌豆儿又黄…<br>每年这个时候都会用新收的豆子，<br>结结实实整上一顿豌豆凉粉！<br>我家老太太的最爱[doge] src=//h5.sinaimg.cn/m/emoticon/icon/others/d_doge-861403219c.png style=width:1em; height:1em;><br>李子柒的秒拍视频 <br>,3,0,https://m.weibo.cn/s/video/show?object_id=2017607:d244d0d6567d60c6e5429bb4fc2b654f&fromWap=1,https://weibo.com/2970452952/Gf8ztoGGx,Gf8ztoGGx,2020-01-13T11:45:36
2970452952,GGWFNLQ6B,2018-05-16T19:38,1,84301,339471,64153,又见樱桃！<br><br>我们家乡管这小家伙叫“恩桃儿”<br><br>你们那叫什么阿～～<br>#美食红人周# <br>@鲜城 李子柒的秒拍视频 <br>,3,0,https://m.weibo.cn/s/video/show?object_id=2017607:8b45012873e8c805db668040df6e50f6&fromWap=1,https://weibo.com/2970452952/GgWFNlQ6B,GgWFNlQ6B,2020-01-13T11:45:36
2970452952,GICPGRRKY,2018-05-27T19:44,1,68487,330146,59453,五月，<br>就是吃花的季节呀！<br>什么玫瑰酱啊 酒啊 鲜花饼什么的……<br>通通做起来！！<br>#美食红人周# 李子柒的秒拍视频 <br>,3,0,https://m.weibo.cn/s/video/show?object_id=2017607:a0d3097bcfb24012bd2fabc670f49cf4&fromWap=1,https://weibo.com/2970452952/GiCpGrrKy,GiCpGrrKy,2020-01-13T11:45:36
2970452952,GLFFPCTOB,2018-06-16T20:29,1,65464,397918,63905,“院子里有各种各样的瓜果蔬菜，每天清晨裤子一穿就奔到地里摘够一天要吃的蔬菜水果；再剪一些应季的鲜花插在房间，太阳出来就不出门了！在家宅上一整天追剧，做好吃的，做手工……”<br>这就是我的梦，奈何现在只实现了前半截……好像这个跟今天视频主题没关系，，好吧，家里豇豆吃不完快老了，摘了一些做成干豇豆，蒸煮烧炖闷，怎么做怎么好吃。用来烧排骨，猪蹄啊什么的，保证你吃了上顿想下顿！ 李子柒的秒拍视频,1,0,,https://weibo.com/2970452952/GlFfPCtOB,GlFfPCtOB,2020-01-13T11:45:36
2970452952,GNVYLXLAM,2018-07-01T17:40,1,91394,378766,67114,记还得去年我种的百香果吗？就是那个别人4月开花它10月才开，果子才鸡蛋大就被霜打掉的那个磨人精！所以去年深秋就连根带泥挖进盆放温室里人工升温。今年气温过20度才挪出来连盆埋地里搭上架，等天凉又得搬回去。真的当小祖宗一样护着今年才算勉强正常挂果！第一次吃到藤上自然熟的百香果！也是不容易～ 李子柒的秒拍视频,1,0,,https://weibo.com/2970452952/GnVyLxlaM,GnVyLxlaM,2020-01-13T11:45:36
2970452952,GPKPMYYXC,2018-07-13T18:02,1,69151,395092,54063,四川已经连续下半月雨，园子里的蔬菜瓜果泡坏了好多！眼看番茄也招架不住了，赶紧一锅端了总比烂地里好～烤了些番茄果干，炖了一大锅番茄牛腩煲还放了土豆熬成浓汤。吃完菜肉放几根清水面当主食，一天就又这样混过去了～～如果能每天都这样混一辈子，恐怕是做梦也能笑醒！！！！！！！ 李子柒的秒拍视频,1,0,,https://weibo.com/2970452952/GpKPmyyXc,GpKPmyyXc,2020-01-13T11:45:36
2970452952,GRUBKFOMW,2018-07-27T21:31,1,67088,328788,60917,大暴雨之后就正式入伏，就是是吃鸡枞菌的季节。这几天山上的野菌也很多，当然蚊子也很多。摘些菌子顿一锅鲜香的鸡汤，再用剁下来的鸡腿肉闷一锅米饭！摘些臭黄荆叶子搅一盆清热解毒的观音豆腐开开胃，再来喝汤吃肉简直不摆了！<br>#古香古食# #朝花柒拾# 李子柒的秒拍视频 <br>,3,0,https://m.weibo.cn/s/video/show?object_id=2017607:56f218127efc0c8c60df7f20e92a9556&fromWap=1,https://weibo.com/2970452952/GrUbkfOMw,GrUbkfOMw,2020-01-13T11:45:36
2970452952,GTIPB06G0,2018-08-08T20:17,1,90698,346306,86013,又到盛夏，一年制辣好时节。<br>去年此时做了豆瓣酱，<br>今年换做了清宫里的苏造酱<br>酥脆生香，味美柔辣<br>一张面饼一勺酱，夏天也就过去了…<br>抽277位柒家人本产品免单！！！<br>#朝花柒拾##用美食温暖你#<br>南北都能吃的柔辣，李子柒宫廷苏造酱。18种配料，十几道工序，一香二辣三脆。 李子柒的秒拍视频 <br>,3,0,https://m.weibo.cn/s/video/show?object_id=1034:4270830700436433&fromWap=1,https://weibo.com/2970452952/GtIPb06G0,GtIPb06G0,2020-01-13T11:45:36
2970452952,GU2K1BZUA,2018-08-10T22:59,1,54173,280687,46583,人参蜜，<br>长白山流传已久的吃参方法<br>那儿的人懂参，更懂蜜。<br>人参性热，辅之以蜂蜜温养<br>夏乏秋困时，来一杯正好…<br>【抽277个柒家人免单本产品】<br>#朝花柒拾# #用美食温暖你# <br>天然椴树蜜和长白山人参的好营养，李子柒长白山参蜜。70年平均树龄椴树蜜，长白山4-5 年人 李子柒的秒拍视频 <br>,3,0,https://m.weibo.cn/s/video/show?object_id=1034:4271600984590170&fromWap=1,https://weibo.com/2970452952/Gu2K1bZUa,Gu2K1bZUa,2020-01-13T11:45:36
2970452952,GUE0M8WSM,2018-08-14T21:52,1,51319,254742,36173,忘不了的心头爱<br>是一锅热气腾腾的江南红烧湖羊肉<br>羊肉酥烂、汤汁浓郁、鲜香四溢<br>一块湖羊肉下肚，暖暖的身心都慰藉了<br>馋嘴时，就爱上手做上一大锅子<br>抽277个柒家人免单本产品<br>#朝花柒拾# #用美食温暖你# <br>8-17七夕见，红烧湖羊肉。肉嫩酥烂，一口入魂难忘怀！限量首发，加购抽免单！ 李子柒的秒拍视频 <br>,3,0,https://m.weibo.cn/s/video/show?object_id=1034:4273036061546492&fromWap=1,https://weibo.com/2970452952/GuE0M8WSm,GuE0M8WSm,2020-01-13T11:45:36
2970452952,GUKXEDDJH,2018-08-12T20:17,1,33199,188861,27017,夏日贪凉，难免多了“湿气”。<br>三伏天里饮伏茶又是民间习俗<br>逍遥草本茶源自《清宫医案》<br>取九味草本，依古法制作<br>乏时喝上一杯，整个人都通透了！<br>转发+留言晒加购截图抽277个柒家人免单本产品<br>#朝花柒拾# #用美食温暖你# <br>来自宫廷的温养茶方，李子柒逍遥草本茶。九味地道草本，古法手工，一盏茶的时间，消湿在其 李子柒的秒拍视频 <br>,3,0,https://m.weibo.cn/s/video/show?object_id=1034:4272286400724065&fromWap=1,https://weibo.com/2970452952/GukxeddJh,GukxeddJh,2020-01-13T11:45:36
2970452952,GVEH5CXNH,2018-08-18T18:11,1,34197,238611,58163,一笔一捺写反字，一刀一划是功夫<br>一颗颗小小的活字章，散落在岁月的骨血里…<br><br>谁也不曾想到，<br>这上千年智慧的结晶，<br>会在一个小小村落里明灭不定<br>#朝花柒拾# 李子柒的秒拍视频 <br>,3,0,https://m.weibo.cn/s/video/show?object_id=1034:4274429346180419&fromWap=1,https://weibo.com/2970452952/Gveh5cXNH,Gveh5cXNH,2020-01-13T11:45:36
2970452952,GYI516T7Y,2018-09-07T21:23,1,45113,219484,76162,#朝花柒拾#<br>秋风起，秋梨黄！<br><br>摘一篮果实，<br><br>熬一方膏！<br><br>#秋梨膏# 李子柒的秒拍视频 <br>,3,0,https://m.weibo.cn/s/video/show?object_id=1034:4281721756006111&fromWap=1,https://weibo.com/2970452952/Gyi516T7y,Gyi516T7y,2020-01-13T11:45:36
2970452952,H1BOQPTWR,2018-11-07T20:39,1,46630,212453,35989,蟹脚痒，膏正肥！<br>挑几只前辈送来的螃蟹蒸熟，扔进醉卤<br>清甜果香浸透了蟹黄，酒香吊出鲜美<br>撬开蟹斗，蟹黄红润，蟹肉莹白。<br>一时醉香四溢，入口鲜甜细嫩<br>酒不醉人，人自醉…<br>【转发+评论加购中抽177个柒家人免单本产品】<br>花果清香回味甘甜，李子柒玲珑熟醉蟹。手作花雕母蟹，由知名主厨十年研发，专业比烹制， <br>#朝花柒拾# #我的十年美味# 李子柒的秒拍视频 <br>,3,0,https://m.weibo.cn/s/video/show?object_id=1034:4303820734545176&fromWap=1,https://weibo.com/2970452952/H1BoQptwr,H1BoQptwr,2020-01-13T11:45:36
2970452952,H24NUBYN1,2018-11-10T22:26,1,51462,233751,40510,坚持古法制糖的糖匠越来越少了，<br>十多斤甘蔗才能熬出一斤糖，<br><br>真正的红糖对女生很好，<br>我做了个家庭可操作的古法红糖版本，<br>感兴趣的朋友或许可以自己试一下<br><br>#朝花柒拾# 李子柒的秒拍视频 <br>,3,0,https://m.weibo.cn/s/video/show?object_id=1034:4304932892021636&fromWap=1,https://weibo.com/2970452952/H24nUBYN1,H24nUBYN1,2020-01-13T11:45:36
2970452952,H4LOSXOYU,2018-11-25T21:26,1,63066,353373,61229,挖了红薯做够大半年要用的淀粉，<br>再囤一点宽粉 细苕粉应付这个冬季。<br>冰雪天，来上一碗麻辣鲜香的手工酸辣粉<br>饭后再整俩又香又甜的烤红薯。<br>一边在雪地里蹦跶一边吐着烤红薯的热气！<br>呼…………<br>#朝花柒拾# 李子柒的秒拍视频 <br>,3,0,https://m.weibo.cn/s/video/show?object_id=1034:4310352952001434&fromWap=1,https://weibo.com/2970452952/H4loSxoyu,H4loSxoyu,2020-01-13T11:45:36
2970452952,H8ISNE8XP,2018-12-21T22:21,1,81728,299657,62319,前些天拿家里剩余的蚕丝棉兜到山上老乡家换了些羊羔毛～<br>纺线染色编了件斗篷披风！<br>为了方便嫌麻烦又没耐性的猪猪小仙女也能操作。<br>改良了这种编小辫子再缝合的简单方法！<br>不管是衣服，毛毯，围巾～<br>都可以用这个简单快速的办法一通百通呐！<br>#美食大V秀# #V影响力峰会##朝花柒拾# 李子柒的秒拍视频 <br>,3,0,https://m.weibo.cn/s/video/show?object_id=1034:4319780665006485&fromWap=1,https://weibo.com/2970452952/H8iSne8xP,H8iSne8xP,2020-01-13T11:45:36
2970452952,H9VETQY0K,2018-12-29T19:39,1,42184,256062,32792,清水一盏，葱姜二三。<br>这就是铜锅涮肉全部的锅底了！<br>天寒地冻，得围着火炉子涮上新鲜的羊肉<br>沾上自己做的秘制酱料才算满足！<br>#朝花柒拾# 李子柒的微博视频 <br>,3,0,https://m.weibo.cn/s/video/show?object_id=1034:4322647752783047&fromWap=1,https://weibo.com/2970452952/H9vetqy0K,H9vetqy0K,2020-01-13T11:45:36
2970452952,HA8QGAKC8,2019-06-22T23:14,1,36152,330357,33193,春天有看不完的花，<br>夏天有吃不完的水果！<br>做了好多好多酱，够吃一阵子了！<br>早上起床，摘够吃一天的蔬菜瓜果和花儿！<br>做一顿丰盛的早餐。<br>一日、两人、三餐、四季…??<br>#朝花柒拾#  李子柒的微博视频 <br>,3,0,https://m.weibo.cn/s/video/show?object_id=1034:4386115860269911&fromWap=1,https://weibo.com/2970452952/HA8qGAkc8,HA8qGAkc8,2020-01-13T11:45:36
2970452952,HAZKLKJPM,2019-01-05T19:56,1,47495,269364,47241,天已经够冷了，<br>不给大口吃肉还有什么意义呢？<br>无敌简单的硬菜，<br>又香又解馋的北方酱大骨来一盆好不？<br>#朝花柒拾# 李子柒的微博视频 <br>,3,0,https://m.weibo.cn/s/video/show?object_id=1034:4325185135020754&fromWap=1,https://weibo.com/2970452952/HazkLkJpM,HazkLkJpM,2020-01-13T11:45:36
2970452952,HBBIL1BTC,2019-06-29T20:22,1,54130,364849,59153,从春末初甜到盛夏果实，<br>尝试了另一种保存鲜果子的方法！<br>以往每年都是做老冰棍，今年放肆一回！<br>做了各种香甜的浆果蛋奶冰激淋！<br>这个方子简单好吃，但糖分和热量太高。<br>除了老人不能多吃之外，<br>还有你！放下手中的冰激淋（超凶叉腰中）  李子柒的微博视频 <br>,3,0,https://m.weibo.cn/s/video/show?object_id=1034:4388572266993847&fromWap=1,https://weibo.com/2970452952/HBbil1Btc,HBbil1Btc,2020-01-13T11:45:36
2970452952,HCZ0ZSHPC,2019-01-18T22:48,1,74758,254775,58385,饿了没？<br>煮肉肉给你次？<br>去年做了腊味合蒸，<br>今年赶在年跟前做了一批香喷喷的酱腊肉！<br>过年吃正正好！<br>#朝花柒拾# 李子柒的微博视频 <br>,3,0,https://m.weibo.cn/s/video/show?object_id=1034:4329940833780083&fromWap=1,https://weibo.com/2970452952/Hcz0ZsHPc,Hcz0ZsHPc,2020-01-13T11:45:36
2970452952,HD1WYNZKL,2019-07-11T23:10,1,36343,354657,37588,又一年荷花季<br>寻了些荷花、荷叶、藕带和莲藕<br>顺手做几道夏季时令菜，<br>剩下的莲藕拿来做了桂花坚果藕粉<br>我家老太太专属甜品！<br>配上一盏荷花茶，只叹夏天太短！<br>【转＋晒加购截图】抽177位柒家人免单本产品#美食大V秀# #朝花柒拾#<br>高营养高营养好口感，李子柒桂花坚果藕粉。8种高品质配料无添加防腐剂老人小孩都放心吃。  李子柒的微博视频 <br>,3,0,https://m.weibo.cn/s/video/show?object_id=1034:4393003318751614&fromWap=1,https://weibo.com/2970452952/HD1wynZkL,HD1wynZkL,2020-01-13T11:45:36
2970452952,HEN5A74WF,2019-01-30T20:06,1,106970,365408,99250,又过年喽哈哈哈哈哈哈！<br>冰糖葫芦，炒花生瓜子，各种好吃的糖果…<br>小时候总是眼巴巴的盼着这些。<br>今年多加了一个年货小零食新年特辑。<br>10分钟呐～～<br>#春节VLOG# #朝花柒拾# 李子柒的微博视频 <br>,3,0,https://m.weibo.cn/s/video/show?object_id=1034:4334251760377027&fromWap=1,https://weibo.com/2970452952/Hen5a74wF,Hen5a74wF,2020-01-13T11:45:36
2970452952,HF8X5BO5B,2019-02-04T21:57,1,32777,346286,38952,真的真的真的过年喽～～<br>新的一年祝大家诸事顺心 、阖家团圆、笑口常开 、金银满仓 、福气满满 、生财有道 、大吉大利、花好月圆、年年有余。<br>这一切祝福都只属于你，只属于你们！<br>妈呀，把菜名背一遍好累……<br>#春节VLOG#  #朝花柒拾# 李子柒的微博视频 <br>,3,0,https://m.weibo.cn/s/video/show?object_id=1034:4336091264692159&fromWap=1,https://weibo.com/2970452952/Hf8X5BO5b,Hf8X5BO5b,2020-01-13T11:45:36
2970452952,HFINY0DEZ,2019-07-26T22:49,1,42129,346249,33855,咕噜咕噜…<br>番茄又熟了<br>再不摘的话又便宜了土地爷爷<br>做了好吃的“红宝石番茄酱”<br>浓汤番茄锅，摘点时令的各种蔬菜，<br>凑活凑活也是一餐……<br>#美食大v秀#  #朝花柒拾#  李子柒的微博视频 <br>,3,0,https://m.weibo.cn/s/video/show?object_id=1034:4398431909663151&fromWap=1,https://weibo.com/2970452952/HFiNy0dEz,HFiNy0dEz,2020-01-13T11:45:36
2970452952,HHRNTIUR8,2019-02-22T19:49,1,56944,287581,48108,梅花开的时候突然降温，<br>赶上这场春雪…<br>过年吃腻大鱼大肉，做了些榨菜去去油腻<br>花生捣碎煮上一锅热粥，<br>应个景做了梅花酥，再配上一碟榨菜<br>嗯，完美早餐啊！<br>#朝花柒拾#  #春日厨房# 李子柒的微博视频 <br>,3,0,https://m.weibo.cn/s/video/show?object_id=1034:4342577684806062&fromWap=1,https://weibo.com/2970452952/HhRNTiuR8,HhRNTiuR8,2020-01-13T11:45:36
2970452952,HIXDF0XVV,2019-03-01T23:26,1,40290,271843,35772,也不知道现在算不算倒春寒，<br>反正这几天出奇的冷。<br>加上太累没什么胃口，<br>就煮了一锅开胃又热乎的酸萝卜老鸭汤！<br>大冷天的喝上一碗酸香开胃，汤头醇鲜。<br>吃肉喝酒完了碗都没洗就蹿被窝里倒头大睡！<br>得过且过呗！#朝花柒拾# #春日厨房# 李子柒的微博视频 <br>,3,0,https://m.weibo.cn/s/video/show?object_id=1034:4345171429495553&fromWap=1,https://weibo.com/2970452952/HiXdf0XVv,HiXdf0XVv,2020-01-13T11:45:36
2970452952,HK8TD2MNB,2019-03-09T19:00,1,53263,265500,47144,十里桃花，桃泪点点。<br>冬去春来，可能是乏的，最近吃不得油腻。<br>桃胶泡一夜，第二天加银耳 金丝小枣炖粘稠，<br>再放些冰糖枸杞水果干！<br>色如琥珀，面若桃花...<br>#朝花柒拾# #春日厨房# 李子柒的微博视频 <br>,3,0,https://m.weibo.cn/s/video/show?object_id=1034:4347999569283652&fromWap=1,https://weibo.com/2970452952/Hk8TD2mNB,Hk8TD2mNB,2020-01-13T11:45:36
2970452952,HMZV11ALK,2019-03-25T18:25,1,141932,793561,184792,笔墨纸砚，中国的文房四宝！<br>随着书写时代的渐没，<br>这些代表中国传文化的工艺离我们越来越远！<br>我们不需要每个人都会，<br>但愿很多人都还懂得和记得！<br>#朝花柒拾# 李子柒的微博视频 <br>,3,0,https://m.weibo.cn/s/video/show?object_id=1034:4353774517721528&fromWap=1,https://weibo.com/2970452952/Hmzv11aLk,Hmzv11aLk,2020-01-13T11:45:36
2970452952,HOGV36502,2019-04-05T21:43,1,49608,304470,50417,春色正好，<br>不做作都对不起这“十月怀胎”的辛夷花开！<br>借了彭叔的黑娃儿出去做作的溜达，<br>又做作的寻了辛夷花回来，<br>听说辛夷花要送给喜欢的人，<br>那我一定是很喜欢你们了～～～～[害羞] src=//h5.sinaimg.cn/m/emoticon/icon/default/d_haixiu-1c4cb9b053.png style=width:1em; height:1em;><br>#朝花柒拾# 李子柒的微博视频 <br>,3,0,https://m.weibo.cn/s/video/show?object_id=1034:4357821077372514&fromWap=1,https://weibo.com/2970452952/Hogv36502,Hogv36502,2020-01-13T11:45:36
2970452952,HPKPUYIBG,2019-04-12T22:36,1,30239,258934,29551,#三区三州扶贫助威行动# <br>春天是菜园子的尴尬期<br>都腾出来种夏天的蔬菜和育秧了<br>于是就有了理由做作的去折腾野菜！<br>一日三餐，<br>这样也好！<br>#朝花柒拾# 李子柒的微博视频 <br>,3,0,https://m.weibo.cn/s/video/show?object_id=1034:4360378235451482&fromWap=1,https://weibo.com/2970452952/HpkPUyIBG,HpkPUyIBG,2020-01-13T11:45:36
2970452952,HQQ2C1HWU,2019-04-22T19:52,1,53725,247486,46099,小时候家里的鸭苗都是孵蛋的母鸡在孵，<br>一个月的样子出壳，<br>养个半年就该下蛋啦！<br>做了些咸鸭蛋，<br>又拿咸鸭蛋做了蛋黄酱啥的一堆～<br>转+评论加购送177位朋友送品牌新品蛋黄酱2瓶装1份！<br>#朝花柒拾#<br>一罐装入8颗红心流油蛋黄，李子柒海鸭蛋黄酱。精选北海海鸭蛋，鲜不可挡细腻流沙， 百搭好 李子柒的微博视频 <br>,3,0,https://m.weibo.cn/s/video/show?object_id=1034:4363957474121412&fromWap=1,https://weibo.com/2970452952/HqQ2c1hWU,HqQ2c1hWU,2020-01-13T11:45:36
2970452952,HSEFQAN7S,2019-05-01T23:20,1,52972,196735,39700,好不容易闲了两天，<br>趁着春天的尾巴。<br>倒置了一大堆各种纯露囤着，<br>辛夷花 芍药 积雪草 迷迭香巴拉巴拉的，<br>我是做着玩玩，<br>你们也就看着玩玩儿呗！<br>#朝花柒拾#  李子柒的微博视频 <br>,3,0,https://m.weibo.cn/s/video/show?object_id=1034:4367264682833622&fromWap=1,https://weibo.com/2970452952/HsefqAN7S,HsefqAN7S,2020-01-13T11:45:36
2970452952,HTA7MMASS,2019-05-10T20:51,1,57326,296355,57507,院儿里最美的时候到了呀，<br>花都开好了呀！<br>锅仔也该剪羊毛了呀！<br>剪完羊毛就该拔笋子了呀！<br>笋子好好吃呀！<br>呀呀呀呀～～～呀！！！！么么哒[doge] src=//h5.sinaimg.cn/m/emoticon/icon/others/d_doge-861403219c.png style=width:1em; height:1em;><br>#朝花柒拾# #美好的生活#  李子柒的微博视频 <br>,3,0,https://m.weibo.cn/s/video/show?object_id=1034:4370499053260678&fromWap=1,https://weibo.com/2970452952/HtA7mmaSs,HtA7mmaSs,2020-01-13T11:45:36
2970452952,HUAUZMCJJ,2019-05-14T17:28,1,31981,241940,31659,划龙舟、吃粽子、插艾草、撒雄黄！<br>而久久怀念的，是那些人，那些味道……<br>长大后我们好像越来越少陪伴亲人，<br>所以这次把端午礼做成DIY拼图小游戏，<br>希望能多一个让你回家陪亲人玩耍的理由<br>端午记得回家[心] src=//h5.sinaimg.cn/m/emoticon/icon/others/l_xin-6912791858.png style=width:1em; height:1em;><br>#朝花柒拾#<br>5-15开售，零点开抢，加购抽免单！  李子柒的微博视频 <br>,3,0,https://m.weibo.cn/s/video/show?object_id=1034:4371899082293099&fromWap=1,https://weibo.com/2970452952/HuauZmCJj,HuauZmCJj,2020-01-13T11:45:36
2970452952,HVH1EKHN5,2019-05-24T18:07,1,55347,263229,49091,前些日子还似豆大的青梅，转眼就快变黄梅了。<br>院儿里这颗果子太少不够我折腾，<br>又去邻家要了一大筐。<br>青梅酒、青梅露、盐渍青梅、脆梅、梅子肉、<br>每年一次的，<br>都得给它做齐了才算数！<br>#朝花柒拾#  李子柒的微博视频 <br>,3,0,https://m.weibo.cn/s/video/show?object_id=1034:4375523573612992&fromWap=1,https://weibo.com/2970452952/HvH1EkhN5,HvH1EkhN5,2020-01-13T11:45:36
2970452952,HXZSV0OBL,2019-06-08T21:48,1,47703,334458,37181,上月中旬参加了亚洲文明对话大会，开幕式中大大说到：“文明因多样而交流，因交流而互鉴，因互鉴而发展”听到这话我第一个想到锅盖窑。才发现，其实在不知不觉中，文明的交流与借鉴，早已深入到我们每个人的方方面面。<br>刚好是收麦子的季节，磨了新面粉，做了麦麦酒。还酿了不同文化发源的啤酒！<br>#朝花柒拾# #美好的生活#  李子柒的微博视频,1,0,,https://weibo.com/2970452952/HxZSV0Obl,HxZSV0Obl,2020-01-13T11:45:36
2970452952,HZ3KW2NPN,2019-06-15T20:25,1,46576,305194,40388,我们这没有野生香菇，于是就自己种了。<br>这次是在之前打的树孔里加菌丝，<br>季节合适的话小半年之后就陆续开始出菇啦。<br>藏在山顶上，<br>一来山顶温度低，二来避免被别人摘走！<br>挑选好的香菇做了酱！夏天也能有得吃！<br>转发+留言里抽取177位小伙伴免单<br>#朝花柒拾#<br>整朵醇厚香菇，李子柒朵朵香菇酱。整朵椴木香菇搭配遂昌冬笋，鲜上加鲜，下饭好物。  李子柒的微博视频  抽奖详情,3,0,https://m.weibo.cn/s/video/show?object_id=1034:4383535637670121&fromWap=1,https://weibo.com/2970452952/Hz3kw2npn,Hz3kw2npn,2020-01-13T11:45:36
2970452952,I0HKH6DF2,2019-08-04T21:43,1,25511,231578,20926,同去年一样，今年也搭了一条南瓜路。<br>没来得及吃的，都长成了又甜又糯的老南瓜。<br>蒸南瓜，南瓜饭，咸蛋黄南瓜，南瓜奶浆～<br>我奶奶是一天三顿吃南瓜都不带腻的<br>最近熬夜多湿气重，就搭配红豆薏米粉来喝！<br>【转+晒加购截图】抽177位免单本新品<br>#七夕爱豆表白大赛# #朝花柒拾# <br>丝滑不卡喉，李子柒红豆薏米粉。2分钟五谷代餐，好吃不腻，严选自然好植株，营养更放心。  李子柒的微博视频 抽奖详情,1,0,,https://weibo.com/2970452952/I0HKH6Df2,I0HKH6Df2,2020-01-13T11:45:36
2970452952,I0Y35OSS8,2019-08-03T21:01,1,2048,75915,331,红人2019 <br>,1,0,,https://weibo.com/2970452952/I0y35oSS8,I0y35oSS8,2020-01-13T11:45:36
2970452952,I0Y3CDX3A,2019-08-03T21:01,1,3450,97506,554,红人2019 <br>,1,0,,https://weibo.com/2970452952/I0y3cdX3A,I0y3cdX3A,2020-01-13T11:45:36
2970452952,I0ZRFDIQH,2019-08-06T19:48,1,47220,357551,34944,夏天正是打麻竹笋的时候，做了些酸笋。<br>螺蛳、猪筒骨…熬够时辰当作底汤！<br>一把粉几根菜，酸笋酸豆角 木耳萝卜干<br>出锅撒几颗炒花生炸腐竹，一勺辣椒油<br>“酸辣鲜香烫”一碗非遗柳州螺蛳粉就有了<br>【转+晒加购截图】抽277位免单本产品 #七夕爱豆表白大赛#  #朝花柒拾# 地道柳州风味，李子柒柳州螺蛳粉。8小时精炖汤底搭配陈米米粉和七大配料，嗦粉嗦到灵 魂颤  李子柒的微博视频 抽奖详情,1,0,,https://weibo.com/2970452952/I0ZRfdIqh,I0ZRfdIqh,2020-01-13T11:45:36
2970452952,I1STHLP0V,2019-08-09T20:40,1,86528,622326,83912,一针一线是底蕴，一丝一缕是文化<br>在蜀绣上看见，川蜀大地千年风俗<br>冬去春来，又是一年！<br>千年岁月流淌，蜀绣之美依旧！<br>愿更多人知道中国优秀的传统文化，<br>迟到的七夕礼物，愿你我皆平安[心] src=//h5.sinaimg.cn/m/emoticon/icon/others/l_xin-6912791858.png style=width:1em; height:1em;><br>#遇见非遗# #朝花柒拾# #七夕爱豆表白大赛#  李子柒的微博视频 <br>,3,0,https://m.weibo.cn/s/video/show?object_id=1034:4403461307997311&fromWap=1,https://weibo.com/2970452952/I1stHlP0V,I1stHlP0V,2020-01-13T11:45:36
2970452952,I3AN6F4OJ,2019-08-23T20:26,1,73011,438490,63518,好像每年黄桃熟了都会重复一波去年的操作、<br>黄桃罐头、果酱、果干…<br>今年还挑了些软的做了黄桃酒<br>尝试了以为会是黑暗料理的香草黄桃烤排骨，<br>结果香到ju手指头好吗！！<br>#朝花柒拾# #猕足珍贵有你真好#  李子柒的微博视频 <br>,3,0,https://m.weibo.cn/s/video/show?object_id=1034:4408524021899192&fromWap=1,https://weibo.com/2970452952/I3An6F4Oj,I3An6F4Oj,2020-01-13T11:45:36
2970452952,I5I00RSUF,2019-09-06T19:32,1,54303,439860,42971,春生夏长，秋收冬藏！<br>从上古时代我们的祖辈就遵循二十四节气劳作<br>一颗小小的玉米种子、萌芽、生长、收获！<br>再到餐桌上的玉米粑 窝头 玉米片儿<br>要记得我们吃的食物从哪里来哦[心] src=//h5.sinaimg.cn/m/emoticon/icon/others/l_xin-6912791858.png style=width:1em; height:1em;><br>#朝花柒拾#  李子柒的微博视频 <br>,3,0,https://m.weibo.cn/s/video/show?object_id=1034:4413597011354995&fromWap=1,https://weibo.com/2970452952/I5I00rSuF,I5I00rSuF,2020-01-13T11:45:36
2970452952,I6O7H4FGN,2019-09-14T00:58,1,105137,609071,90703,春种一粒，秋收百颗。<br>育秧 打田 插秧 生长 抽穗 扬花 灌浆 <br>再到成熟 收获至端上饭桌，<br>知道我们吃的食物从哪里来！<br>珍惜每一颗劳动而来的粮食，<br>好好吃饭[心] src=//h5.sinaimg.cn/m/emoticon/icon/others/l_xin-6912791858.png style=width:1em; height:1em;><br>#朝花柒拾#  #萌芽#  李子柒的微博视频 <br>,3,0,https://m.weibo.cn/s/video/show?object_id=1034:4416214664201676&fromWap=1,https://weibo.com/2970452952/I6O7H4Fgn,I6O7H4Fgn,2020-01-13T11:45:36
2970452952,I9NWQ26JB,2019-09-30T23:50,1,39631,410744,35215,这几天才彻底忙完谷子，<br>晒谷子的这几天做了些家里用的小玩意儿<br>也有去年做的<br>落地衣架，竹丝灯罩，台灯，各种餐具，<br>玉米皮编的很多小玩意儿！<br>混混日子呗<br>#朝花柒拾#  #我和国旗合个影#  李子柒的微博视频 <br>,3,0,https://m.weibo.cn/s/video/show?object_id=1034:4422354659639452&fromWap=1,https://weibo.com/2970452952/I9nWq26jb,I9nWq26jb,2020-01-13T11:45:36
2970452952,IBC84ZLHR,2019-10-12T21:26,1,87270,371092,52196,七月枣 八月瓜<br>九月板栗笑哈哈…<br>秋天就是甜蜜蜜的季节啊<br>山上栗子和橡子都掉的差不多了<br>捡了些回来尝一口甜<br>才对得起这天凉好个秋啊！<br>#朝花柒拾#  李子柒的微博视频 <br>,3,0,https://m.weibo.cn/s/video/show?object_id=1034:4426673840395953&fromWap=1,https://weibo.com/2970452952/Ibc84zLHr,Ibc84zLHr,2020-01-13T11:45:36
2970452952,ICQUN562X,2019-10-20T23:50,1,38337,261736,31449,初春育苗移栽，夏吃秋收！<br> 一棵辣椒苗子陆续能结小半年辣椒！<br> 最后一茬辣椒红透，就该折腾辣酱过冬了<br> 晒一些，剩下的青红椒做了铁观音剁椒酱！<br> 天再冷些、蒸个剁椒鱼头 ，扯个红油面皮<br>辣乎乎的，暖和一天呐！#朝花柒拾#<br>【转+晒付定金截图】抽277位送品牌剁椒酱<br>茶香爽口辣而不呛，李子柒铁观音剁椒酱。特别加入铁观音和野生松子，辣香鲜脆，味道丰富。 李子柒的微博视频,1,0,,https://weibo.com/2970452952/Icqun562X,Icqun562X,2020-01-13T11:45:36
2970452952,IEWWJVPMS,2019-11-03T18:51,1,135592,522178,87699,心心念念了很久终于做好了！<br>马奶酒，海西州州级非物质文化遗产之一<br>眼瞅就要下雪的天来一碗奶香十足的马奶酒，<br>配上正滋滋冒油的烤全羊<br>吃过 喝过 撒疯过！<br>生活，也不过如此了嘛～<br>#朝花柒拾# #遇见非遗# #理想生活季#  李子柒的微博视频 <br>,3,0,https://m.weibo.cn/s/video/show?object_id=1034:4434602593326769&fromWap=1,https://weibo.com/2970452952/IewwjvPMS,IewwjvPMS,2020-01-13T11:45:36
2970452952,IFCILMPYU,2019-11-10T23:24,1,47962,282204,40436,秋去冬来，适时而食<br>雪天就是要吃热气腾腾的大火锅啊！<br>围着火炉涮着肉，清汤红汤一起来！<br>爱吃啥吃啥，给钱都不换！<br>毕竟，没有什么事情是一顿火锅解决不了的！<br>#朝花柒拾# #理想的生活季#<br>南北通吃，李子柒鸳鸯火锅底料。【一品清汤】开涮之前先喝汤，【蜀风红油】辣劲十足。  李子柒的微博视频 <br>,3,0,https://m.weibo.cn/s/video/show?object_id=1034:4437213971162053&fromWap=1,https://weibo.com/2970452952/IfCilmPYu,IfCilmPYu,2020-01-13T11:45:36
2970452952,IFHYOWV07,2019-11-08T19:40,1,28209,192144,22219,正是一个早上经历几种天气的季节！<br>熬两碗豆浆，蒸个米糕 <br>用剩下的蛋黄烘个荠菜炒蛋！ <br>不管再忙，大家都要好好吃早餐哦～<br>【转+晒加购截图】抽177位送新品七彩豆浆粉<br> #朝花柒拾# #理想的生活季#<br>7种颜色7种口味，李子柒豆嬢嬢豆浆粉。东北非转基因大豆搭配优质食材，香醇营养。  李子柒的微博视频 <br>,3,0,https://m.weibo.cn/s/video/show?object_id=1034:4436422812218293&fromWap=1,https://weibo.com/2970452952/IfhYowv07,IfhYowv07,2020-01-13T11:45:36
2970452952,IHYVT3MUP,2019-11-23T18:30,1,59220,364107,42017,立夏前后，埋下姜种。<br>阳光 空气 和雨露，历过炎夏<br>霜雪将至，挖出窖藏<br>用剩角料做了红糖姜枣膏 姜桔酱和姜米茶<br>煲了猪脚姜，烧了个仔姜鸭。<br>吃的用的，生姜全身都是宝来着！<br>#朝花柒拾# #理想生活季# #萌芽#  李子柒的微博视频 <br>,3,0,https://m.weibo.cn/s/video/show?object_id=1034:4441842432017078&fromWap=1,https://weibo.com/2970452952/IhyVt3mUp,IhyVt3mUp,2020-01-13T11:45:36
2970452952,IIX6HKVCU,2019-12-02T21:54,1,99491,562529,65708,#李子柒打酱油# #朝花柒拾#<br>从一粒黄豆到一滴传统手工酱油。<br>现如今，这个历经三千年的非物质文化遗产<br>已经成为我们每个家庭餐桌上少不了的调味品。<br>柴米油盐酱醋茶，<br>这才是我们中国人的一日三餐！  李子柒的微博视频 <br>,3,0,https://m.weibo.cn/s/video/show?object_id=1034:4445167311378268&fromWap=1,https://weibo.com/2970452952/IiX6Hkvcu,IiX6Hkvcu,2020-01-13T11:45:36
2970452952,IPKVESTUH,2020-01-16T14:41,2,354,3503,99,之前在贵州吃过一个叫“烙锅”的食物<br>想着我家老人家还没见过<br>就搭着缙云烧饼一块儿做给她吃吃看<br>2020年的第一天祝福你们<br>余生平安健康，幸福又漂亮[抱抱] src=//h5.sinaimg.cn/m/emoticon/icon/default/d_baobao-b928ba5761.png style=width:1em; height:1em;>[抱抱] src=//h5.sinaimg.cn/m/emoticon/icon/default/d_baobao-b928ba5761.png style=width:1em; height:1em;><br>#微盘点# #朝花柒拾#  李子柒的微博视频 <span class=cmt>,3,0,https://m.weibo.cn/s/video/show?object_id=1034:4455715524509816&fromWap=1,https://weibo.com/2970452952/IpKvesTUH,IpKvesTUH,2020-01-17T12:58:52
2970452952,IPKWRUXFY,2020-01-16T14:44,2,574,4710,165,正是家家户户杀年猪的时候<br>腊肉 腊肠用冷熏的法子做了个遍<br>大冷天的煮了个客家传统老汤“胡椒猪肚鸡”<br>配个腊味煲仔饭+咸蛋黄猪肝<br>这都是什么人间美味！！<br>#朝花柒拾# #理想生活季#  李子柒的微博视频 <span class=cmt>,3,0,https://m.weibo.cn/s/video/show?object_id=1034:4458235684388899&fromWap=1,https://weibo.com/2970452952/IpKwruXfY,IpKwruXfY,2020-01-17T12:58:52
2970452952,IR0BZQP0V,2020-01-24T21:31,1,25452,253120,18283,#年夜饭C位担当#刚吃过年夜饭，所有的菜名都是新年对你们的祝福。大家照顾好自己和家人，注意安全。我在远方为你祈祷新的一年健康平安??#春节摄影大赛# 绿洲             [组图共9张]    <img src=http://wx2.sinaimg.cn/wap180/b10d83d8ly3gb7z5w6fs3j20ju0qg10r.jpg alt=图片 class=ib>,2,9,,https://weibo.com/2970452952/Ir0BZqP0V,Ir0BZqP0V,2020-02-25T09:02:52
2970452952,INNB8ZUQT,2020-01-01T00:41,1,115668,735605,85964,之前在贵州吃过一个叫“烙锅”的食物<br>想着我家老人家还没见过<br>就搭着缙云烧饼一块儿做给她吃吃看<br>2020年的第一天祝福你们<br>余生平安健康，幸福又漂亮[抱抱] src=//h5.sinaimg.cn/m/emoticon/icon/default/d_baobao-b928ba5761.png style=width:1em; height:1em;>[抱抱] src=//h5.sinaimg.cn/m/emoticon/icon/default/d_baobao-b928ba5761.png style=width:1em; height:1em;><br>#微盘点# #朝花柒拾#  李子柒的微博视频,3,0,https://m.weibo.cn/s/video/show?object_id=1034:4455715524509816&fromWap=1,https://weibo.com/2970452952/InnB8zuqt,InnB8zuqt,2020-02-18T10:39:36
2970452952,IOR7CAI2Y,2020-01-07T23:30,1,79835,484528,83117,正是家家户户杀年猪的时候<br>腊肉 腊肠用冷熏的法子做了个遍<br>大冷天的煮了个客家传统老汤“胡椒猪肚鸡”<br>配个腊味煲仔饭+咸蛋黄猪肝<br>这都是什么人间美味！！<br>#朝花柒拾# #理想生活季#  李子柒的微博视频,3,0,https://m.weibo.cn/s/video/show?object_id=1034:4458235684388899&fromWap=1,https://weibo.com/2970452952/Ior7CaI2Y,Ior7CaI2Y,2020-02-18T10:39:36
2970452952,IQNAEN3FS,2020-01-20T17:07,1,151727,1138674,150163,#李子柒弹棉花#  “弹棉花呀～弹棉花～ 半斤棉弹成了八两八哟。旧棉花弹成了新棉花，弹好那个棉被姑娘要出嫁……“<br><br>出嫁的姑娘倒是没有，但我有个可爱的老人家。<br>去年种了我们这很多年都没人种过的棉花！<br>种的不多，收成也不大好！<br>刚好够给她做床新棉絮！ #朝花柒拾#  李子柒的微博视频,3,0,https://m.weibo.cn/s/video/show?object_id=1034:4462799032614939&fromWap=1,https://weibo.com/2970452952/IqnaEn3FS,IqnaEn3FS,2020-02-21T07:02:28
